,device_id,Games - 0,Games - 1,Games - 2,Games - 4,Games - nan,None - 0,None - 1,None - 4,None - nan,Social - 3,Social - 4,key_evs_count,er_label
5297182,c7e862db-0ffc-4bb6-8dbf-e05ec5c8a46c,0.0,0.0,0.0,0.0,0.0,0.0,0.0,0.0,1.0,0.0,0.0,0.0,0
5297192,c7e87efa-36b7-4b2f-b750-c97e14cc3095,0.0,0.0,0.0,0.0,0.0,0.0,0.0,0.0,3.0,0.0,0.0,0.0,0
5297215,c7e8adfd-827b-4380-823d-c6316844406b,0.0,0.0,0.0,0.0,0.0,0.0,0.0,0.0,1.0,0.0,0.0,0.0,0
5297269,c7e91713-adb8-4254-a265-6411053b7460,0.0,0.0,0.0,0.0,0.0,0.0,0.0,0.0,1.0,0.0,0.0,0.0,0
5297307,c7e978b7-6e4a-42eb-a6f7-a6c39c5cc0d3,0.0,0.0,0.0,0.0,0.0,0.0,0.0,0.0,1.0,0.0,0.0,0.0,0
5297325,c7e99ae1-f860-4700-8b83-34e177375cb1,0.0,0.0,0.0,0.0,0.0,0.0,0.0,0.0,1.0,0.0,0.0,0.0,0
5297326,c7e99e35-6d04-4411-8f03-2d652034bafd,0.0,0.0,0.0,0.0,0.0,0.0,0.0,0.0,2.0,0.0,0.0,0.0,0
5297339,c7e9b899-5dd6-40ed-b2a7-93521a2492c2,0.0,0.0,0.0,0.0,0.0,0.0,0.0,0.0,3.0,0.0,0.0,0.0,0
5297449,c7ead9aa-3107-46ff-883e-36534ff94599,0.0,0.0,0.0,0.0,0.0,0.0,0.0,0.0,1.0,0.0,0.0,0.0,0
5297562,c7ebc931-7434-4eeb-98ea-c994596dfb5d,0.0,0.0,0.0,0.0,0.0,0.0,0.0,0.0,11.0,0.0,0.0,0.0,0
5297569,c7ebddcb-8c70-4e6a-9564-1ff631680567,0.0,0.0,0.0,0.0,0.0,0.0,0.0,0.0,2.0,0.0,0.0,0.0,0
5297588,c7ec0b8a-a7f4-4e57-b1c9-22b040b01641,0.0,0.0,0.0,0.0,0.0,0.0,0.0,0.0,4.0,0.0,0.0,0.0,0
5297612,c7ec36b8-fef3-4662-9f20-ce011c3bf1e3,0.0,0.0,0.0,0.0,0.0,0.0,0.0,0.0,1.0,0.0,0.0,0.0,0
5297657,c7ecb192-a085-469b-8ad9-697c3ab8b14b,0.0,0.0,0.0,0.0,0.0,0.0,0.0,0.0,1.0,0.0,0.0,0.0,0
5297672,c7ecd268-c305-43e0-bbb7-6f55648a5584,0.0,0.0,0.0,0.0,0.0,0.0,0.0,0.0,1.0,0.0,0.0,0.0,0
5297703,c7ed22b9-918c-4aa3-b1fc-26fce484831b,0.0,0.0,0.0,0.0,0.0,0.0,0.0,0.0,3.0,0.0,0.0,1.0,1
5297727,c7ed51e7-d6d2-49c3-b44c-f5751e2239d5,0.0,0.0,0.0,0.0,0.0,0.0,0.0,0.0,4.0,0.0,0.0,3.0,1
5297780,c7edfda2-13b5-4892-88f0-b9b5863c856c,0.0,0.0,0.0,0.0,0.0,0.0,0.0,0.0,0.0,0.0,2.0,0.0,0
5297832,c7ee6f3f-d256-468b-89e6-257487ab8bfa,0.0,0.0,0.0,0.0,0.0,0.0,0.0,0.0,1.0,0.0,0.0,0.0,0
5297862,c7eebe42-a85a-41c6-a231-bdb6bed3ad62,0.0,0.0,0.0,0.0,0.0,0.0,0.0,0.0,1.0,0.0,0.0,0.0,0
5297908,c7ef35ce-cbd8-499e-91db-ac57a5b0a8d9,0.0,0.0,0.0,0.0,0.0,0.0,0.0,0.0,1.0,0.0,0.0,0.0,0
5297918,c7ef4faf-3ebf-4de3-948f-3cba16ddb3f8,0.0,0.0,0.0,0.0,0.0,0.0,0.0,0.0,2.0,0.0,0.0,0.0,0
5297944,c7ef941d-299f-4e83-84e2-f89af36fefc6,0.0,0.0,0.0,0.0,0.0,0.0,0.0,0.0,1.0,0.0,0.0,0.0,0
5298008,c7f03feb-2dc2-4747-80c4-09de302d7300,0.0,0.0,0.0,0.0,0.0,0.0,0.0,0.0,1.0,0.0,0.0,0.0,0
5298027,c7f06638-0617-4cd8-aaf2-34399e915f0a,0.0,0.0,0.0,0.0,0.0,0.0,0.0,0.0,1.0,0.0,0.0,0.0,0
5298085,c7f0fdb2-3625-4016-9f38-898c15f3c0c9,0.0,0.0,0.0,0.0,0.0,0.0,0.0,0.0,1.0,0.0,0.0,0.0,0
5298094,c7f10bb9-09e9-4ad0-9287-49de8be76ae3,0.0,0.0,0.0,0.0,0.0,0.0,0.0,0.0,0.0,0.0,6.0,0.0,0
5298102,c7f11d1d-fc9c-4b01-9d1e-8dc884a1f65b,0.0,0.0,0.0,0.0,0.0,0.0,0.0,0.0,4.0,0.0,0.0,0.0,0
5298125,c7f154ea-bcef-49a0-9621-6b918fc312c5,0.0,0.0,0.0,0.0,0.0,0.0,0.0,0.0,1.0,0.0,0.0,0.0,0
5298204,c7f22076-bf91-465b-89a2-6c991eaf0d03,0.0,0.0,0.0,0.0,0.0,0.0,0.0,0.0,1.0,0.0,0.0,0.0,0
5298269,c7f2dc67-5c57-4fcd-a9a4-1954649d0f69,0.0,0.0,0.0,0.0,0.0,0.0,0.0,0.0,1.0,0.0,0.0,0.0,0
5298277,c7f2e937-f6b4-4e74-b7df-334fcb239497,0.0,0.0,0.0,0.0,0.0,0.0,0.0,0.0,2.0,0.0,0.0,0.0,0
5298445,c7f4a54a-84c3-429d-ba8d-e6224825ad3e,0.0,0.0,0.0,0.0,0.0,0.0,0.0,0.0,2.0,0.0,0.0,0.0,0
5298489,c7f502fc-049c-4fac-bae1-27337308ec6c,0.0,0.0,0.0,0.0,0.0,0.0,0.0,0.0,1.0,0.0,0.0,0.0,0
5298583,c7f5f0be-5975-42f5-a4f0-a94f5b173a43,0.0,0.0,0.0,0.0,0.0,0.0,0.0,0.0,1.0,0.0,0.0,0.0,0
5298630,c7f67034-8d3f-482f-adc8-bbf6b5a6607a,0.0,0.0,0.0,0.0,0.0,0.0,0.0,0.0,1.0,0.0,0.0,0.0,0
5298658,c7f6b321-9ee7-48b2-95b9-aa46cad8b8c0,0.0,0.0,0.0,0.0,0.0,0.0,0.0,0.0,1.0,0.0,0.0,0.0,0
5298678,c7f6f305-4b42-4ec1-9db2-ff7e942a031d,0.0,0.0,0.0,0.0,0.0,0.0,0.0,0.0,1.0,0.0,0.0,0.0,0
5298735,c7f79125-14de-4647-9691-50562832884f,0.0,0.0,0.0,0.0,0.0,0.0,0.0,0.0,2.0,0.0,0.0,0.0,0
5298744,c7f7a148-19ae-49ad-bef9-660cee5e1275,0.0,0.0,0.0,0.0,0.0,0.0,0.0,0.0,11.0,0.0,0.0,0.0,0
5298795,c7f80874-d39f-4ec9-9bce-f838c7fa905a,0.0,0.0,0.0,0.0,0.0,0.0,0.0,0.0,1.0,0.0,0.0,0.0,0
5298818,c7f84cb0-d16d-481f-9bd3-284d87e63ec4,0.0,0.0,0.0,0.0,0.0,0.0,0.0,0.0,1.0,0.0,0.0,0.0,0
5298862,c7f8af6d-bc94-4380-9745-d08190db416b,0.0,0.0,0.0,0.0,0.0,0.0,0.0,0.0,1.0,0.0,0.0,0.0,0
5298889,c7f8e3f5-aaca-41c7-8ecb-1695770fbf1d,0.0,0.0,0.0,0.0,0.0,0.0,0.0,0.0,1.0,0.0,0.0,0.0,0
5298904,c7f9064c-d321-4389-8eac-03ba8cac14ce,0.0,0.0,0.0,0.0,0.0,0.0,0.0,0.0,1.0,0.0,0.0,0.0,0
5299001,c7f9ea28-430f-435f-93d8-7004f6f8c093,0.0,0.0,0.0,0.0,0.0,0.0,0.0,0.0,3.0,0.0,0.0,0.0,0
5299018,c7fa1daf-2a27-4196-9a27-da485b232e11,0.0,0.0,0.0,0.0,0.0,0.0,0.0,0.0,1.0,0.0,0.0,0.0,0
5299066,c7fa970e-1925-4d28-bb1c-0c3980b332f2,0.0,0.0,0.0,0.0,0.0,0.0,0.0,0.0,1.0,0.0,0.0,0.0,0
5299091,c7fac060-3d92-48b8-b312-5a16d820c282,0.0,0.0,0.0,0.0,0.0,0.0,0.0,0.0,1.0,0.0,0.0,0.0,0
5299132,c7fb1b26-8def-4ccb-85a8-e25ff72f383e,0.0,0.0,0.0,0.0,0.0,0.0,0.0,0.0,2.0,0.0,0.0,0.0,0
5299133,c7fb1d6e-e744-4193-a5d0-aff2d7b1b13e,0.0,0.0,0.0,0.0,0.0,0.0,0.0,0.0,1.0,0.0,0.0,0.0,0
5299137,c7fb20e6-ad87-493a-aa43-30a0cba2a980,0.0,0.0,0.0,0.0,0.0,0.0,0.0,0.0,6.0,0.0,0.0,0.0,0
5299176,c7fb6418-84da-4b4a-a67a-8d542a2d4b76,0.0,0.0,0.0,0.0,0.0,0.0,0.0,0.0,0.0,0.0,2.0,0.0,0
5299251,c7fc4fac-c81c-41f5-bc82-dbd8c7d1aacd,0.0,0.0,0.0,0.0,0.0,0.0,0.0,0.0,1.0,0.0,0.0,0.0,0
5299286,c7fca200-e6b1-450e-8610-6f0347f1fafa,0.0,0.0,0.0,0.0,0.0,0.0,0.0,0.0,1.0,0.0,0.0,0.0,0
5299375,c7fd78ca-e38c-4589-85a1-7173db86a411,0.0,0.0,0.0,0.0,0.0,0.0,0.0,0.0,3.0,0.0,0.0,0.0,0
5299431,c7fdfe44-96e1-4600-b38e-a94692e4426e,0.0,0.0,0.0,0.0,0.0,0.0,0.0,0.0,3.0,0.0,0.0,0.0,0
5299485,c7fe7f89-dc8c-4f5b-869a-10cdf97c2a41,0.0,0.0,0.0,0.0,0.0,0.0,0.0,0.0,3.0,0.0,0.0,0.0,0
5299582,c7ff6e57-cc7b-4311-8348-ec21d48c904b,0.0,0.0,0.0,0.0,0.0,0.0,0.0,0.0,1.0,0.0,0.0,0.0,0
5299658,c8001d20-eabb-4dab-ac0c-f721b5882ecf,0.0,0.0,0.0,0.0,0.0,0.0,0.0,0.0,4.0,0.0,0.0,0.0,0
5299668,c8002426-bdb3-4570-aa91-105d643c7227,0.0,0.0,0.0,0.0,0.0,0.0,0.0,0.0,1.0,0.0,0.0,0.0,0
5299670,c8002858-8a2c-4f35-83e4-2e0e9fac2f0c,0.0,0.0,0.0,0.0,0.0,0.0,0.0,0.0,3.0,0.0,0.0,0.0,0
5299774,c8010354-6bd6-43bd-a8f1-aa4e10f4099b,0.0,0.0,0.0,0.0,0.0,0.0,0.0,4.0,3.0,0.0,0.0,2.0,1
5299821,c8018008-678d-4c33-9b5b-7fc8977dde27,0.0,0.0,0.0,0.0,0.0,0.0,0.0,0.0,4.0,0.0,0.0,1.0,1
5299830,c80192b1-e5b2-4475-9d65-7f7e1e5fbe59,0.0,0.0,0.0,0.0,0.0,0.0,0.0,0.0,2.0,0.0,0.0,0.0,0
5299833,c8019c7c-d032-41a4-b2be-3fefd64f0cae,0.0,0.0,0.0,0.0,0.0,0.0,0.0,0.0,2.0,0.0,0.0,0.0,0
5299835,c801a276-fc7d-4545-9258-2e7ea5b24c48,0.0,0.0,0.0,0.0,0.0,0.0,0.0,0.0,1.0,0.0,0.0,0.0,0
5299952,c802f23a-ec17-4969-b9be-b62f67f79681,0.0,0.0,0.0,0.0,0.0,0.0,0.0,0.0,4.0,0.0,0.0,0.0,0
5300027,c803b179-08be-41c0-b122-921aeac30bc9,0.0,0.0,0.0,0.0,0.0,0.0,0.0,0.0,1.0,0.0,0.0,0.0,0
5300191,c80555d0-4de3-429b-ab87-9f948c7048ed,0.0,0.0,0.0,0.0,0.0,0.0,0.0,0.0,2.0,0.0,0.0,0.0,0
5300237,c805d74b-7c76-4467-9a90-b9aa406efbd6,0.0,0.0,0.0,0.0,0.0,0.0,0.0,0.0,3.0,0.0,0.0,0.0,0
5300289,c806716c-9d15-4cb4-aaa7-b053e5d4996a,0.0,0.0,0.0,0.0,0.0,0.0,0.0,0.0,1.0,0.0,0.0,0.0,0
5300321,c806a888-689f-4095-9862-fc3084dbb815,0.0,0.0,0.0,0.0,0.0,0.0,0.0,0.0,1.0,0.0,0.0,0.0,0
5300327,c806c142-ded6-4099-b095-e26700f38d62,0.0,0.0,0.0,0.0,0.0,0.0,0.0,0.0,1.0,0.0,0.0,0.0,0
5300392,c807785f-1757-4aa3-832a-813883623318,0.0,0.0,0.0,0.0,0.0,0.0,0.0,0.0,1.0,0.0,0.0,0.0,0
5300408,c8079d60-1437-459a-9373-d9cc09e5e4d5,0.0,0.0,0.0,0.0,0.0,0.0,0.0,0.0,1.0,0.0,0.0,0.0,0
5300551,c808f314-5f35-48ee-a366-7ec057d2a28b,0.0,0.0,0.0,0.0,0.0,0.0,0.0,0.0,1.0,0.0,0.0,0.0,0
5300564,c8090c28-042e-45bf-b8e6-3c137b5c8491,0.0,0.0,0.0,0.0,0.0,0.0,0.0,0.0,1.0,0.0,0.0,0.0,0
5300615,c80973cf-e1f1-4f0c-be51-410dafb3d011,0.0,0.0,0.0,0.0,0.0,0.0,0.0,0.0,1.0,0.0,0.0,0.0,0
5300631,c809ac72-7b21-4bc2-a6f2-77ef7fa1ff20,0.0,0.0,0.0,0.0,0.0,0.0,0.0,0.0,22.0,0.0,0.0,0.0,0
5300723,c80aa3bf-b6db-4990-92b4-35fbee44e656,0.0,0.0,0.0,0.0,0.0,0.0,0.0,0.0,1.0,0.0,0.0,0.0,0
5300786,c80b294f-de34-4df9-8e0e-4fa267275b1c,0.0,0.0,0.0,0.0,0.0,0.0,0.0,0.0,0.0,0.0,2.0,1.0,1
5300802,c80b4b61-226e-4b4f-b5f1-6b3a7ee47b9f,0.0,0.0,0.0,0.0,0.0,0.0,0.0,0.0,2.0,0.0,0.0,0.0,0
5300870,c80bfa75-cd5d-4b5b-b24c-5a4508fa4d54,0.0,0.0,0.0,0.0,0.0,0.0,0.0,0.0,2.0,0.0,0.0,0.0,0
5300871,c80bfe07-f6dc-45a8-ae81-4580f1b98a09,0.0,0.0,0.0,0.0,0.0,0.0,0.0,0.0,1.0,0.0,0.0,0.0,0
5300890,c80c2e83-dd4e-46f4-adbd-5aac7853a57b,0.0,0.0,0.0,0.0,0.0,0.0,0.0,0.0,2.0,0.0,0.0,0.0,0
5300947,c80cbc3c-8a0c-46af-8248-13993ba8e556,0.0,0.0,0.0,0.0,0.0,0.0,0.0,0.0,1.0,0.0,0.0,0.0,0
5300997,c80d3b21-c1f7-41ea-84a7-02f49b7850d3,0.0,0.0,0.0,0.0,0.0,0.0,0.0,0.0,2.0,0.0,0.0,0.0,0
5301008,c80d5e64-02ae-4ade-bcc6-a5d3e4d3c201,0.0,0.0,0.0,0.0,0.0,0.0,0.0,0.0,1.0,0.0,0.0,0.0,0
5301033,c80da2eb-6429-4e94-86e2-4aebc2fc44df,0.0,0.0,0.0,0.0,0.0,0.0,0.0,0.0,2.0,0.0,0.0,0.0,0
5301052,c80de94d-fb31-4328-92b5-f1e65b8d94fd,0.0,0.0,0.0,0.0,0.0,0.0,0.0,0.0,6.0,0.0,0.0,0.0,0
5301138,c80ebddf-2072-4e61-a747-218d0f5873bb,0.0,0.0,0.0,0.0,0.0,0.0,0.0,0.0,1.0,0.0,0.0,0.0,0
5301208,c80f6b56-cbed-4ecf-8c33-bcf9ba832dc5,0.0,0.0,0.0,0.0,0.0,0.0,0.0,0.0,1.0,0.0,0.0,0.0,0
5301209,c80f6ef9-31be-4f4d-b80c-9cb88948da14,0.0,0.0,0.0,0.0,0.0,0.0,0.0,0.0,2.0,0.0,0.0,0.0,0
5301249,c80fe8ca-10fd-4ee3-8eab-0758f1c2602c,0.0,0.0,0.0,0.0,0.0,0.0,0.0,0.0,1.0,0.0,0.0,0.0,0
5301427,c811aceb-8372-4c42-9385-3444d7127dbc,0.0,0.0,0.0,0.0,0.0,0.0,0.0,0.0,1.0,0.0,0.0,0.0,0
5301439,c811c11f-e519-492b-b326-feaf3c57b9eb,0.0,0.0,0.0,0.0,0.0,0.0,0.0,0.0,1.0,0.0,0.0,0.0,0
5301523,c8127c77-1dea-4e05-8e7e-0413969be274,0.0,0.0,0.0,0.0,0.0,0.0,0.0,0.0,1.0,0.0,0.0,0.0,0
5301525,c81289c1-5706-4dee-8f15-47ebabdc9c66,0.0,0.0,0.0,0.0,0.0,0.0,0.0,0.0,2.0,0.0,0.0,0.0,0
5301578,c812edc6-d2c4-4f5c-955b-8bb85b8cec34,0.0,0.0,0.0,0.0,0.0,0.0,0.0,0.0,1.0,0.0,0.0,0.0,0
5301617,c813794e-8694-4ebd-969b-d359ba469d72,0.0,0.0,0.0,0.0,0.0,0.0,0.0,0.0,1.0,0.0,0.0,0.0,0
5301712,c81472df-ec56-47ac-9cbb-366b62dbedfe,0.0,0.0,0.0,0.0,0.0,0.0,0.0,0.0,1.0,0.0,0.0,0.0,0
5301743,c814cc7f-fb54-4924-943f-10b8e869d2c1,0.0,0.0,0.0,0.0,0.0,0.0,0.0,0.0,1.0,0.0,0.0,0.0,0
5301748,c814d316-43bb-4a09-b12f-15beb099a8ac,0.0,0.0,0.0,0.0,0.0,0.0,0.0,0.0,3.0,0.0,0.0,0.0,0
5301806,c81575ed-c034-44b6-b651-3d5c6cae9d86,0.0,0.0,0.0,0.0,0.0,0.0,0.0,0.0,1.0,0.0,0.0,0.0,0
5301815,c8158bb7-132d-44f7-85eb-f7b03baeaf3b,0.0,0.0,0.0,0.0,0.0,0.0,0.0,0.0,5.0,0.0,0.0,0.0,0
5301840,c815da5b-ccee-4342-9efa-859e0475496d,0.0,0.0,0.0,0.0,0.0,0.0,0.0,0.0,1.0,0.0,0.0,0.0,0
5301931,c816c312-7ee1-4199-8733-0416773c8710,0.0,0.0,0.0,0.0,0.0,0.0,0.0,0.0,1.0,0.0,0.0,0.0,0
5301948,c816e3ef-e7be-4c07-b188-fe343bce439a,0.0,0.0,0.0,0.0,0.0,0.0,0.0,0.0,1.0,0.0,0.0,0.0,0
5302003,c8175920-f0f7-4e4e-832a-d6c57dd3a74d,0.0,0.0,0.0,0.0,0.0,0.0,0.0,0.0,2.0,0.0,0.0,0.0,0
5302005,c8175cbd-8164-4f3f-93ab-4bf039de9f45,0.0,0.0,0.0,0.0,0.0,0.0,0.0,0.0,14.0,0.0,0.0,0.0,0
5302120,c8185a79-3b10-42be-befb-bc5d42aa509e,0.0,0.0,0.0,0.0,0.0,0.0,0.0,0.0,8.0,0.0,0.0,0.0,0
5302127,c8186a92-ca13-425f-81d3-349778741d48,0.0,0.0,0.0,0.0,0.0,0.0,0.0,0.0,2.0,0.0,0.0,0.0,0
5302130,c8186dae-db58-40e1-94b2-365b7565e95f,0.0,0.0,0.0,0.0,0.0,0.0,0.0,0.0,1.0,0.0,0.0,0.0,0
5302143,c81889ed-920c-4e6e-b91d-8e3d81344ec9,0.0,0.0,0.0,0.0,0.0,0.0,0.0,0.0,1.0,0.0,0.0,0.0,0
5302174,c818de98-d09e-433b-87af-8f381afea4d6,0.0,0.0,0.0,0.0,0.0,0.0,0.0,0.0,1.0,0.0,0.0,0.0,0
5302196,c8190923-cf6e-4a04-bfe5-ee483bad5404,0.0,0.0,0.0,0.0,0.0,0.0,0.0,0.0,3.0,0.0,0.0,0.0,0
5302219,c8193f4a-65b2-48cc-b6d4-6f5777a98d59,0.0,0.0,0.0,0.0,0.0,0.0,0.0,0.0,2.0,0.0,0.0,0.0,0
5302290,c81a057f-f1f2-49c9-8813-554748b57e67,0.0,0.0,0.0,0.0,0.0,0.0,0.0,0.0,1.0,0.0,0.0,0.0,0
5302458,c81b9fec-a9de-4fbb-83fc-aefbe11b3030,0.0,0.0,0.0,0.0,0.0,0.0,0.0,0.0,2.0,0.0,0.0,0.0,0
5302700,c81dce57-d987-4bcc-8101-e47393ef8c1d,0.0,0.0,0.0,0.0,0.0,0.0,0.0,0.0,1.0,0.0,0.0,0.0,0
5302849,c81f2203-0be0-47cb-874d-49f4369e2b1c,0.0,0.0,0.0,0.0,0.0,0.0,0.0,0.0,1.0,0.0,0.0,0.0,0
5302926,c81feb86-f01c-45ff-b924-9d664a61bfe1,0.0,0.0,0.0,0.0,0.0,0.0,0.0,0.0,1.0,0.0,0.0,0.0,0
5302953,c820235f-cd00-4379-a49b-5f7e2a8796d3,0.0,0.0,0.0,0.0,0.0,0.0,0.0,0.0,2.0,0.0,0.0,0.0,0
5303042,c82123cf-2f1c-49c6-a0c7-a8a466ee656e,0.0,0.0,0.0,0.0,0.0,0.0,0.0,0.0,1.0,0.0,0.0,0.0,0
5303189,c82251ed-1ebc-48c6-aa0a-40070ec32eff,0.0,0.0,0.0,0.0,0.0,0.0,0.0,0.0,2.0,0.0,0.0,0.0,0
5303223,c8229839-3f64-4564-9c3f-19cc48724964,0.0,0.0,0.0,0.0,0.0,0.0,0.0,0.0,1.0,0.0,0.0,0.0,0
5303274,c8231405-ba80-474a-9c42-872044377815,0.0,0.0,0.0,0.0,0.0,0.0,0.0,0.0,1.0,0.0,0.0,0.0,0
5303275,c823152e-fe04-4afd-865e-b9c4fa3ed71d,0.0,0.0,0.0,0.0,0.0,0.0,0.0,0.0,1.0,0.0,0.0,0.0,0
5303287,c82330fa-7bbb-4ce8-ac0c-65dbdf4ecfe1,0.0,0.0,0.0,0.0,0.0,0.0,0.0,0.0,2.0,0.0,0.0,0.0,0
5303324,c8238b97-25f3-465b-b6e5-048997060248,0.0,0.0,0.0,0.0,0.0,0.0,0.0,0.0,1.0,0.0,0.0,0.0,0
5303350,c823c3c2-4d34-4657-b7ac-9a3d1ecae7a9,0.0,0.0,0.0,0.0,0.0,0.0,0.0,0.0,3.0,0.0,0.0,0.0,0
5303396,c824289f-ca47-45f6-b548-cd75f42e7d00,0.0,0.0,0.0,0.0,0.0,0.0,0.0,0.0,1.0,0.0,0.0,0.0,0
5303497,c825109a-983c-47cb-91c0-8f3b3ff7bb09,0.0,0.0,0.0,0.0,0.0,0.0,0.0,0.0,2.0,0.0,0.0,0.0,0
5303546,c8259647-2d9e-4500-bbe9-a4640ab173a9,0.0,0.0,0.0,0.0,0.0,0.0,0.0,0.0,1.0,0.0,0.0,0.0,0
5303550,c8259b3d-ac92-492c-a507-37d330153a60,0.0,0.0,0.0,0.0,0.0,0.0,0.0,0.0,1.0,0.0,0.0,0.0,0
5303555,c825abca-9572-4ffa-9751-87fa784d6bbd,0.0,0.0,0.0,0.0,0.0,0.0,0.0,0.0,1.0,0.0,0.0,0.0,0
5303811,c82843b5-2215-4587-be8e-51a11ed4d658,0.0,0.0,0.0,0.0,0.0,0.0,0.0,0.0,2.0,0.0,0.0,0.0,0
5303873,c828d8b2-af38-402a-b279-961648b675af,0.0,0.0,0.0,0.0,0.0,0.0,0.0,0.0,1.0,0.0,0.0,0.0,0
5303874,c828d993-5b10-455f-8e47-3c10f4475cd7,0.0,0.0,0.0,0.0,0.0,0.0,0.0,0.0,6.0,0.0,0.0,0.0,0
5303901,c8291ea5-b984-434f-8439-ea3c112f9099,0.0,0.0,0.0,0.0,0.0,0.0,0.0,0.0,1.0,0.0,0.0,0.0,0
5304076,c82ad484-20de-4297-96d4-220db99860f6,0.0,0.0,0.0,0.0,0.0,0.0,0.0,0.0,2.0,0.0,0.0,0.0,0
5304145,c82b84eb-1536-4b86-a370-02fa1210a7e3,0.0,0.0,0.0,0.0,0.0,0.0,0.0,0.0,1.0,0.0,0.0,0.0,0
5304196,c82bf482-bd5c-4f3a-b91b-82d1de9c965b,0.0,0.0,0.0,0.0,0.0,0.0,0.0,0.0,5.0,0.0,0.0,0.0,0
5304339,c82d4fb9-6190-440c-a629-c570e6a091d9,0.0,0.0,0.0,0.0,0.0,0.0,0.0,0.0,1.0,0.0,0.0,3.0,1
5304400,c82dd875-50d0-4242-8a27-c268468df743,0.0,0.0,0.0,0.0,0.0,0.0,0.0,0.0,3.0,0.0,0.0,0.0,0
5304480,c82ea0b3-d863-41d9-b7eb-1dda59f5d7c1,0.0,0.0,0.0,0.0,0.0,0.0,0.0,0.0,2.0,0.0,0.0,0.0,0
5304515,c82ef646-0993-46f6-817c-2f8e3417da03,0.0,0.0,0.0,0.0,0.0,0.0,0.0,0.0,1.0,0.0,0.0,0.0,0
5304550,c82f665e-08c4-4d43-8dc0-afed1fa9569d,0.0,0.0,0.0,0.0,0.0,0.0,0.0,0.0,1.0,0.0,0.0,0.0,0
5304557,c82f76ad-3c69-4bde-857b-32bf2d949c4a,0.0,0.0,0.0,0.0,0.0,0.0,0.0,0.0,1.0,0.0,0.0,0.0,0
5304560,c82f8220-b081-4e4c-a1ab-c0253f7fa7c2,0.0,0.0,0.0,0.0,0.0,0.0,0.0,0.0,2.0,0.0,0.0,0.0,0
5304610,c82ff717-7d51-4576-895e-ee19c1a8f037,0.0,0.0,0.0,0.0,0.0,0.0,0.0,0.0,2.0,0.0,0.0,0.0,0
5304634,c8303127-38d0-4f89-83bf-d8c49d474d83,0.0,0.0,0.0,0.0,0.0,0.0,0.0,0.0,1.0,0.0,0.0,0.0,0
5304761,c8313e66-0820-4a80-9338-af3f9218102b,0.0,0.0,0.0,0.0,0.0,0.0,0.0,0.0,1.0,0.0,0.0,0.0,0
5304771,c831527a-68d6-4e74-a87a-f620bdf61ebd,0.0,0.0,0.0,0.0,0.0,0.0,0.0,0.0,3.0,0.0,0.0,0.0,0
5304899,c832a34e-4165-4725-8bb1-d9f8c5104b7e,0.0,0.0,0.0,0.0,0.0,0.0,0.0,0.0,2.0,0.0,0.0,0.0,0
5304905,c832bd2d-f2b1-4377-a522-cc12046c6761,0.0,0.0,0.0,0.0,0.0,0.0,0.0,0.0,3.0,0.0,0.0,0.0,0
5304909,c832c51a-6934-46a6-870b-b220f2d52565,0.0,0.0,0.0,0.0,0.0,0.0,0.0,0.0,1.0,0.0,0.0,0.0,0
5304958,c83357ee-c085-47f3-ab08-b2168631f708,0.0,0.0,0.0,0.0,0.0,0.0,0.0,0.0,1.0,0.0,0.0,0.0,0
5305003,c833e662-d35c-4b67-9e2c-a37285076d37,0.0,0.0,0.0,0.0,0.0,0.0,0.0,0.0,2.0,0.0,0.0,0.0,0
5305070,c834884d-e1bd-4b0d-b5fc-4abfb783b0e4,0.0,0.0,0.0,0.0,0.0,0.0,0.0,0.0,1.0,0.0,0.0,0.0,0
5305158,c83558f6-0be2-498d-80ac-85a15cfa7fae,0.0,0.0,0.0,0.0,0.0,0.0,0.0,0.0,1.0,0.0,0.0,0.0,0
5305186,c835a36a-b50d-4435-866a-72bf7f5115a7,0.0,0.0,0.0,0.0,0.0,0.0,0.0,0.0,1.0,0.0,0.0,0.0,0
5305220,c835fcf8-73e8-4d44-bca3-571001fad6df,0.0,0.0,0.0,0.0,0.0,0.0,0.0,0.0,18.0,0.0,0.0,0.0,0
5305271,c8367020-99a5-496f-8a6c-a889c5810dee,0.0,0.0,0.0,0.0,0.0,0.0,0.0,0.0,4.0,0.0,0.0,0.0,0
5305430,c837c566-a85a-444e-92fe-39defa7fee9d,0.0,0.0,0.0,0.0,0.0,0.0,0.0,0.0,1.0,0.0,0.0,0.0,0
5305502,c83862f4-e372-46d6-b17c-3fd9d4e47c46,0.0,0.0,0.0,0.0,0.0,0.0,0.0,0.0,3.0,0.0,0.0,0.0,0
5305518,c8388ee8-aa39-4972-82a0-5c889ecbc8c5,0.0,0.0,0.0,0.0,0.0,0.0,0.0,0.0,1.0,0.0,0.0,0.0,0
5305550,c838f0d4-9917-4b80-bbc5-a2276416427a,0.0,0.0,0.0,0.0,0.0,0.0,0.0,0.0,5.0,0.0,0.0,0.0,0
5305625,c839bbcd-9031-45d9-9d9c-eb696dec8fd2,0.0,0.0,0.0,0.0,0.0,0.0,0.0,0.0,1.0,0.0,0.0,0.0,0
5305702,c83a61f2-38b6-4817-af7b-e2f550e1b15e,0.0,0.0,0.0,0.0,0.0,0.0,0.0,0.0,1.0,0.0,0.0,0.0,0
5305755,c83af196-5e03-49a9-a23e-097d13ffce3d,0.0,0.0,0.0,0.0,0.0,0.0,0.0,0.0,1.0,0.0,0.0,0.0,0
5305758,c83afe3e-e42e-45b2-86e8-32a3cf90f9f2,0.0,0.0,0.0,0.0,0.0,0.0,0.0,0.0,2.0,0.0,0.0,0.0,0
5305819,c83b81f2-16ba-4e2d-97cd-f9e83a11be98,0.0,0.0,0.0,0.0,0.0,0.0,0.0,0.0,3.0,0.0,0.0,0.0,0
5305880,c83c0a11-104c-46f8-82d6-08a98ac91a54,0.0,0.0,0.0,0.0,0.0,0.0,0.0,0.0,1.0,0.0,0.0,0.0,0
5305900,c83c346e-90c9-4930-b657-a8f3afd39f15,0.0,0.0,0.0,0.0,0.0,0.0,0.0,0.0,1.0,0.0,0.0,0.0,0
5305901,c83c3697-0cf4-4a9d-9d64-cd86d8d22f52,0.0,0.0,0.0,0.0,0.0,0.0,0.0,0.0,3.0,0.0,0.0,0.0,0
5305958,c83cc057-2202-497e-981f-515facee3858,0.0,0.0,0.0,0.0,0.0,0.0,0.0,0.0,3.0,0.0,0.0,0.0,0
5305983,c83d07e4-a5da-438c-af62-93d5963e64ea,0.0,0.0,0.0,0.0,0.0,0.0,0.0,0.0,1.0,0.0,0.0,0.0,0
5305991,c83d1a1c-6207-44b6-91a7-c569ae2d265a,0.0,0.0,0.0,0.0,0.0,0.0,0.0,0.0,1.0,0.0,0.0,0.0,0
5306116,c83e7ff1-d9c0-45d7-b41a-8b7b0908d773,0.0,0.0,0.0,0.0,0.0,0.0,0.0,0.0,2.0,0.0,0.0,0.0,0
5306176,c83efc88-7fb4-441b-abca-601747bba425,0.0,0.0,0.0,0.0,0.0,0.0,0.0,0.0,1.0,0.0,0.0,0.0,0
5306189,c83f27fd-f23a-4428-891b-e703c7eea243,0.0,0.0,0.0,0.0,0.0,0.0,0.0,0.0,2.0,0.0,0.0,0.0,0
5306198,c83f3c24-58f3-4f8b-9f5a-780bf51c5cfb,0.0,0.0,0.0,0.0,0.0,0.0,0.0,0.0,2.0,0.0,0.0,0.0,0
5306363,c840d10c-9993-4b4f-96c7-fc63840a992c,0.0,0.0,0.0,0.0,0.0,0.0,0.0,0.0,1.0,0.0,0.0,0.0,0
5306384,c8410712-9153-4c8f-b8de-d2dae9145d16,0.0,0.0,0.0,0.0,0.0,0.0,0.0,0.0,3.0,0.0,0.0,0.0,0
5306402,c8412f28-a168-4e77-8a06-5fbea3b5df50,0.0,0.0,0.0,0.0,0.0,0.0,0.0,0.0,1.0,0.0,0.0,0.0,0
5306410,c8413a3f-6921-4d8c-bb9c-c41aa2ad7e8e,0.0,0.0,0.0,0.0,0.0,0.0,0.0,0.0,4.0,0.0,0.0,0.0,0
5306435,c8416423-36af-4c6c-94ff-3a0ea56d291e,0.0,0.0,0.0,0.0,0.0,0.0,0.0,0.0,6.0,0.0,0.0,0.0,0
5306456,c8419202-c96d-4add-83bb-1b92db7d2faa,0.0,0.0,0.0,0.0,0.0,0.0,0.0,0.0,1.0,0.0,0.0,0.0,0
5306482,c841d43f-539d-4579-b005-240f7003d1a9,0.0,0.0,0.0,0.0,0.0,0.0,0.0,0.0,1.0,0.0,0.0,0.0,0
5306525,c8424eaa-b0b7-4e8f-97d1-7cbb31bd9284,0.0,0.0,0.0,0.0,0.0,0.0,0.0,0.0,1.0,0.0,0.0,0.0,0
5306543,c8426f54-192f-4ee0-a0aa-3d882b775392,0.0,0.0,0.0,0.0,0.0,0.0,0.0,0.0,1.0,0.0,0.0,0.0,0
5306595,c842efbd-babc-419d-bec0-74ca0272a839,0.0,0.0,0.0,0.0,0.0,0.0,0.0,0.0,6.0,0.0,0.0,2.0,1
5306599,c842f4dd-c261-4286-803a-2f4dbb1466e5,0.0,0.0,0.0,0.0,0.0,0.0,0.0,0.0,2.0,0.0,0.0,0.0,0
5306670,c843a6a8-ce00-4d9f-b3e1-5ccdea77952e,0.0,0.0,0.0,0.0,0.0,0.0,0.0,0.0,1.0,0.0,0.0,0.0,0
5306737,c8443e17-6f2b-49a9-9d41-782a83fdcb4a,0.0,0.0,0.0,0.0,0.0,0.0,0.0,0.0,2.0,0.0,6.0,0.0,0
5306792,c844f3e5-4a17-4431-a9ed-b2e671439a03,0.0,0.0,0.0,0.0,0.0,0.0,0.0,0.0,2.0,0.0,0.0,0.0,0
5306799,c8450915-fd0d-4b55-8859-aa9f808e4bcd,0.0,0.0,0.0,0.0,0.0,0.0,0.0,0.0,1.0,0.0,0.0,0.0,0
5306923,c8466942-2db7-428c-bfe5-f52b7c5a097b,0.0,0.0,0.0,0.0,0.0,0.0,0.0,0.0,3.0,0.0,0.0,0.0,0
5306931,c8467eb7-1232-45e4-83bc-d0239d039587,0.0,0.0,0.0,0.0,0.0,0.0,0.0,0.0,1.0,0.0,0.0,0.0,0
5306964,c846e269-f678-4a30-8b4b-9de3a262a79a,0.0,0.0,0.0,0.0,0.0,0.0,0.0,0.0,1.0,0.0,0.0,0.0,0
5307047,c8479bab-e55b-48c7-aa40-c5d2cc614cfa,0.0,0.0,0.0,0.0,0.0,0.0,0.0,0.0,1.0,0.0,0.0,0.0,0
5307333,c84a90be-ca7b-4b27-b342-25db63e9dc83,0.0,0.0,0.0,0.0,0.0,0.0,0.0,0.0,1.0,0.0,0.0,0.0,0
5307351,c84ac26d-c058-475c-9ba0-f9e8e3f99ee8,0.0,0.0,0.0,0.0,0.0,0.0,0.0,0.0,3.0,0.0,0.0,9.0,1
5307384,c84b0bc3-31f4-4d87-a690-3d82b02ef881,0.0,0.0,0.0,0.0,0.0,0.0,0.0,0.0,3.0,0.0,0.0,0.0,0
5307410,c84b5081-9a02-41e7-8586-6f316220b98a,0.0,0.0,0.0,0.0,0.0,0.0,0.0,0.0,2.0,0.0,0.0,0.0,0
5307414,c84b5bdd-4c13-43cb-818a-863e580e585c,0.0,0.0,0.0,0.0,0.0,0.0,0.0,0.0,1.0,0.0,0.0,0.0,0
5307561,c84ccd02-594d-484a-8073-52b35c61935f,0.0,0.0,0.0,0.0,0.0,0.0,0.0,0.0,1.0,0.0,0.0,0.0,0
5307601,c84d4f0d-1275-4eec-acb2-51f8efffb725,0.0,0.0,0.0,0.0,0.0,0.0,0.0,0.0,1.0,0.0,0.0,0.0,0
5307615,c84d7650-697a-4516-b9fd-f673bee3a971,0.0,0.0,0.0,0.0,0.0,0.0,0.0,0.0,2.0,0.0,0.0,0.0,0
5307632,c84d956c-97c8-46d7-b858-58f2f91f04bb,0.0,0.0,0.0,0.0,0.0,0.0,0.0,0.0,1.0,0.0,0.0,0.0,0
5307655,c84db8f9-d983-417c-8605-dbf52e9915ec,0.0,0.0,0.0,0.0,0.0,0.0,0.0,0.0,1.0,0.0,0.0,0.0,0
5307722,c84e713e-e46e-46f4-974c-4ba1e48bb71f,0.0,0.0,0.0,0.0,0.0,0.0,0.0,0.0,3.0,0.0,0.0,0.0,0
5307754,c84ed3a9-ba45-40c2-b2e8-de41d291ae33,0.0,0.0,0.0,0.0,0.0,0.0,0.0,0.0,3.0,0.0,0.0,0.0,0
5307820,c84f6847-372f-4d96-a90b-1f2ec07f2a2d,0.0,0.0,0.0,0.0,0.0,0.0,0.0,0.0,2.0,0.0,0.0,0.0,0
5307837,c84f8966-f348-40a2-bdb4-b89fe401023d,0.0,0.0,0.0,0.0,0.0,0.0,0.0,0.0,1.0,0.0,0.0,0.0,0
5307846,c84f9a3e-f068-4468-b10e-534242d9ca00,0.0,0.0,0.0,0.0,0.0,0.0,0.0,0.0,1.0,0.0,0.0,0.0,0
5307885,c84fe600-efe9-4776-b650-bcba8b73f64e,0.0,0.0,0.0,0.0,0.0,0.0,0.0,0.0,1.0,0.0,0.0,0.0,0
5307901,c850023c-7f4b-41e4-b8fb-b4564b688a31,0.0,0.0,0.0,0.0,0.0,0.0,0.0,0.0,1.0,0.0,0.0,0.0,0
5307908,c85018ec-8956-491a-a89c-4a884d066738,0.0,0.0,0.0,0.0,0.0,0.0,0.0,0.0,1.0,0.0,0.0,0.0,0
5307967,c8509aea-be39-410d-b43b-e3ac200f8169,0.0,0.0,0.0,0.0,0.0,0.0,0.0,0.0,1.0,0.0,0.0,0.0,0
5307973,c850a8dc-7440-4dca-a42f-42c2fc511bab,0.0,0.0,0.0,0.0,0.0,0.0,0.0,0.0,1.0,0.0,0.0,0.0,0
5307978,c850bb52-096c-4c06-ac3b-fcc1ffc7dfa7,0.0,0.0,0.0,0.0,0.0,0.0,0.0,0.0,3.0,0.0,0.0,0.0,0
5307994,c850dc3a-6db7-4ce9-9f1a-5e92ff7f9d50,0.0,0.0,0.0,0.0,0.0,0.0,0.0,0.0,1.0,0.0,0.0,0.0,0
5308021,c85119b9-de14-4247-b1be-4f65aebf8157,0.0,0.0,0.0,0.0,0.0,0.0,0.0,0.0,4.0,0.0,0.0,0.0,0
5308072,c8517693-8a16-49d2-8d69-57976c84b812,0.0,0.0,0.0,0.0,0.0,0.0,0.0,0.0,1.0,0.0,0.0,0.0,0
5308275,c8534428-e281-4aec-b5e2-a9974b950711,0.0,0.0,0.0,0.0,0.0,0.0,0.0,0.0,7.0,0.0,0.0,0.0,0
5308369,c8544825-9f35-4559-b1f7-1a1a69d848cb,0.0,0.0,0.0,0.0,0.0,0.0,0.0,0.0,4.0,0.0,0.0,0.0,0
5308377,c8545a34-fe02-4b2f-a8d6-4a03f2144709,0.0,0.0,0.0,0.0,0.0,0.0,0.0,0.0,2.0,0.0,0.0,0.0,0
5308463,c85561b9-a298-4262-b247-5a459b1f08a8,0.0,0.0,0.0,0.0,0.0,0.0,0.0,0.0,1.0,0.0,0.0,0.0,0
5308494,c855ac71-f7d6-4d10-8941-6ba7971c7f0e,0.0,0.0,0.0,0.0,0.0,0.0,0.0,0.0,1.0,0.0,0.0,0.0,0
5308526,c856117f-b811-4aac-b2ce-2201bc0bb268,0.0,0.0,0.0,0.0,0.0,0.0,0.0,0.0,1.0,0.0,0.0,0.0,0
5308559,c8566c4e-c6bb-45d0-a793-1eb11cf0e137,0.0,0.0,0.0,0.0,0.0,0.0,0.0,0.0,1.0,0.0,0.0,0.0,0
5308600,c856c96f-99c3-43be-a6eb-11a436673744,0.0,0.0,0.0,0.0,0.0,0.0,0.0,0.0,1.0,0.0,0.0,0.0,0
5308656,c857511f-a064-42af-bbd9-1d10af46f955,0.0,0.0,0.0,0.0,0.0,0.0,0.0,0.0,1.0,0.0,0.0,0.0,0
5308675,c8576f63-5ab0-4807-ad4f-eb50f135164c,0.0,0.0,0.0,0.0,0.0,0.0,0.0,0.0,1.0,0.0,0.0,0.0,0
5308752,c8580fa4-fed3-425e-8380-f816377ce66c,0.0,0.0,0.0,0.0,0.0,0.0,0.0,0.0,3.0,0.0,0.0,0.0,0
5308784,c858625c-f567-4a2b-9d14-4376e7e2df7e,0.0,0.0,0.0,0.0,0.0,0.0,0.0,0.0,1.0,0.0,0.0,0.0,0
5308801,c85899b4-44f3-4177-8b38-81ef04f05a88,0.0,0.0,0.0,0.0,0.0,0.0,0.0,0.0,1.0,0.0,0.0,0.0,0
5308933,c85a1e64-3a88-4f0b-87cf-59dd8615f0e6,0.0,0.0,0.0,0.0,0.0,0.0,0.0,0.0,1.0,0.0,0.0,1.0,1
5308983,c85aa714-7468-460a-a57a-27374ac1be96,0.0,0.0,0.0,0.0,0.0,0.0,0.0,0.0,1.0,0.0,0.0,0.0,0
5309192,c85c9460-9878-4925-856a-a060481df87e,0.0,0.0,0.0,0.0,0.0,0.0,0.0,0.0,1.0,0.0,0.0,0.0,0
5309289,c85d88eb-d1ed-46f7-8e6b-703cb2d213d6,0.0,0.0,0.0,0.0,0.0,0.0,0.0,0.0,1.0,0.0,0.0,0.0,0
5309364,c85e4616-0d12-47ef-a14f-5d3ed4d84b57,0.0,0.0,0.0,0.0,0.0,0.0,0.0,0.0,1.0,0.0,0.0,0.0,0
5309365,c85e491c-5ce9-4aaa-a2a9-fe53cbf00928,0.0,0.0,0.0,0.0,0.0,0.0,0.0,0.0,1.0,0.0,0.0,0.0,0
5309576,c8602679-6219-4412-9319-78cfd84b6f74,0.0,0.0,0.0,0.0,0.0,0.0,0.0,0.0,1.0,0.0,0.0,0.0,0
5309708,c8615e62-1172-466f-8019-ad7775e81824,0.0,0.0,0.0,0.0,0.0,0.0,0.0,0.0,1.0,0.0,0.0,0.0,0
5309747,c861e9c1-99a0-4e29-999d-08e78a2b0d88,0.0,0.0,0.0,0.0,0.0,0.0,0.0,0.0,3.0,0.0,0.0,0.0,0
5309760,c8620d68-be72-444d-98d8-7a31d5ada7df,0.0,0.0,0.0,0.0,0.0,0.0,0.0,0.0,7.0,0.0,0.0,0.0,0
5309768,c862241b-29f7-467f-8f6e-29b5b22e8ece,0.0,0.0,0.0,0.0,0.0,0.0,0.0,0.0,1.0,0.0,0.0,0.0,0
5309791,c8625a1a-f48e-436d-ba15-a0ed2e90011d,0.0,0.0,0.0,0.0,0.0,0.0,0.0,0.0,1.0,0.0,0.0,0.0,0
5309804,c8627c75-cb31-4864-8ac2-094cecc7ab2b,0.0,0.0,0.0,0.0,0.0,0.0,0.0,0.0,1.0,0.0,0.0,0.0,0
5309911,c8635521-6046-4b8f-bf08-5188568f2626,0.0,0.0,0.0,0.0,0.0,0.0,0.0,0.0,2.0,0.0,0.0,0.0,0
5310024,c8644453-0bcb-4479-9cf6-ca521af75e6d,0.0,0.0,0.0,0.0,0.0,0.0,0.0,0.0,5.0,0.0,0.0,0.0,0
5310202,c8662592-140e-4e04-90d5-33e1b44ec8c8,0.0,0.0,0.0,0.0,0.0,0.0,0.0,0.0,1.0,0.0,0.0,0.0,0
5310204,c8663093-0ff6-45a4-9b22-90767676afad,0.0,0.0,0.0,0.0,0.0,0.0,0.0,0.0,1.0,0.0,0.0,0.0,0
5310418,c8684a88-a14d-4a24-bb08-eff6f0a83d72,0.0,0.0,0.0,0.0,0.0,0.0,0.0,0.0,1.0,0.0,0.0,0.0,0
5310427,c8685d05-2547-4d9c-9616-963c84eb8940,0.0,0.0,0.0,0.0,0.0,0.0,0.0,0.0,1.0,0.0,0.0,0.0,0
5310433,c8686672-193a-4ba4-b693-ee82097f0deb,0.0,0.0,0.0,0.0,0.0,0.0,0.0,0.0,2.0,0.0,0.0,0.0,0
5310445,c868772d-ea74-48b0-a157-46af39272f43,0.0,0.0,0.0,0.0,0.0,0.0,0.0,0.0,6.0,0.0,0.0,0.0,0
5310477,c868c422-3f58-4954-8799-ca881ec1575c,0.0,0.0,0.0,0.0,0.0,0.0,0.0,0.0,1.0,0.0,0.0,0.0,0
5310518,c8694a46-56d1-40b4-9678-1027d4f2ce6d,0.0,0.0,0.0,0.0,0.0,0.0,0.0,0.0,3.0,0.0,0.0,0.0,0
5310534,c8697103-1f51-4ae9-9bac-244d03590260,0.0,0.0,0.0,0.0,0.0,0.0,0.0,0.0,2.0,0.0,0.0,0.0,0
5310556,c869a2cd-805b-4acf-9a39-7497a3700507,0.0,0.0,0.0,0.0,0.0,0.0,0.0,0.0,1.0,0.0,2.0,0.0,0
5310717,c86b171d-13c1-43fb-8dde-3e0c798d2c19,0.0,0.0,0.0,0.0,0.0,0.0,0.0,0.0,1.0,0.0,0.0,0.0,0
5310743,c86b5f6f-5f39-4a2e-b5b9-cac2f91cc8ef,0.0,0.0,0.0,0.0,0.0,0.0,0.0,0.0,1.0,0.0,0.0,0.0,0
5310941,c86d7e63-f833-45c4-a8f7-9b9789ab0a79,0.0,0.0,0.0,0.0,0.0,0.0,0.0,0.0,3.0,0.0,0.0,0.0,0
5310968,c86dc669-5d50-4059-b4f2-3dc42dae36bb,0.0,0.0,0.0,0.0,0.0,0.0,0.0,0.0,1.0,0.0,0.0,0.0,0
5311076,c86ec79c-ff07-4e06-8264-56db0ab96157,0.0,0.0,0.0,0.0,0.0,0.0,0.0,0.0,2.0,0.0,0.0,0.0,0
5311137,c86f5fb2-3414-4a12-93e3-03ba918be976,0.0,0.0,0.0,0.0,0.0,0.0,0.0,0.0,1.0,0.0,0.0,0.0,0
5311155,c86f858e-3fa8-4590-a0bb-aa6f79707932,0.0,0.0,0.0,0.0,0.0,0.0,0.0,0.0,0.0,0.0,8.0,0.0,0
5311176,c86fbd89-fe6e-4795-980f-73a0bbd38e8f,0.0,0.0,0.0,0.0,0.0,0.0,0.0,0.0,1.0,0.0,0.0,0.0,0
5311187,c86fcfec-d923-448c-92f0-7f30a4b67eb8,0.0,0.0,0.0,0.0,0.0,0.0,0.0,0.0,2.0,0.0,0.0,1.0,1
5311268,c870c267-af64-4a50-b722-47ae2129dd94,0.0,0.0,0.0,0.0,0.0,0.0,0.0,0.0,1.0,0.0,0.0,0.0,0
5311298,c870fa4b-39b9-4632-b2f8-e2ef1199321b,0.0,0.0,0.0,0.0,0.0,0.0,0.0,0.0,1.0,0.0,0.0,0.0,0
5311316,c871386c-228b-406e-b296-164333749f77,0.0,0.0,0.0,0.0,0.0,0.0,0.0,0.0,2.0,0.0,0.0,0.0,0
5311361,c87195f0-ea0a-4d74-8e0b-a6d627da469e,0.0,0.0,0.0,0.0,0.0,0.0,0.0,0.0,1.0,0.0,0.0,0.0,0
5311363,c8719700-726f-4c87-b34c-c80f31379397,0.0,0.0,0.0,0.0,0.0,0.0,0.0,0.0,1.0,0.0,0.0,0.0,0
5311474,c8727678-8151-4d0a-88a8-db52e07df4a8,0.0,0.0,0.0,0.0,0.0,0.0,0.0,2.0,5.0,0.0,0.0,2.0,1
5311740,c87531c9-a0ed-4581-a14f-b0e3fb83a111,0.0,0.0,0.0,0.0,0.0,0.0,0.0,0.0,1.0,0.0,0.0,0.0,0
5311747,c87544c8-6026-4d2a-b0a6-5c45592cfa4f,0.0,0.0,0.0,0.0,0.0,0.0,0.0,0.0,0.0,0.0,2.0,0.0,0
5311765,c8757915-5cd5-4e1c-add4-e71a373b82f1,0.0,0.0,0.0,0.0,0.0,0.0,0.0,0.0,1.0,0.0,0.0,0.0,0
5311817,c875e95d-ad9e-469f-95f0-e02ddc796e83,0.0,0.0,0.0,0.0,0.0,0.0,0.0,0.0,1.0,0.0,0.0,0.0,0
5311835,c8761ce6-9be9-4544-99dd-624acda121b9,0.0,0.0,0.0,0.0,0.0,0.0,0.0,0.0,2.0,0.0,0.0,0.0,0
5311915,c8770308-0300-43f1-9d00-9f1c1b548fe2,0.0,0.0,0.0,0.0,0.0,0.0,0.0,0.0,1.0,0.0,0.0,0.0,0
5311978,c8779589-4e41-4bdb-889f-4298b1fab1d8,0.0,0.0,0.0,0.0,0.0,0.0,0.0,0.0,1.0,0.0,0.0,0.0,0
5311986,c877aa8d-e376-4cb1-bb33-03178563f8b1,0.0,0.0,0.0,0.0,0.0,0.0,0.0,0.0,8.0,0.0,0.0,0.0,0
5312097,c878b964-fcca-4004-b27f-57c9894d8f0f,0.0,0.0,0.0,0.0,0.0,0.0,0.0,0.0,2.0,0.0,0.0,0.0,0
5312143,c879197e-c5a1-4030-8cb2-61f62b1dde77,0.0,0.0,0.0,0.0,0.0,0.0,0.0,0.0,2.0,0.0,0.0,0.0,0
5312150,c879397f-35ed-4ae3-8d05-4332b27150b6,0.0,0.0,0.0,0.0,0.0,0.0,0.0,0.0,2.0,0.0,0.0,2.0,1
5312163,c8794a8d-836d-44fb-938c-cba9ec2e7f92,0.0,0.0,0.0,0.0,0.0,0.0,0.0,0.0,1.0,0.0,0.0,0.0,0
5312175,c8795f77-c693-46b7-905c-0c5ab0f7abae,0.0,0.0,0.0,0.0,0.0,0.0,0.0,0.0,3.0,0.0,0.0,2.0,1
5312187,c8797dfd-dc68-4777-9d4a-57d2d136fc77,0.0,0.0,0.0,0.0,0.0,0.0,0.0,0.0,1.0,0.0,0.0,0.0,0
5312285,c87a803c-8cc8-4297-9231-f63598ffd7a8,0.0,0.0,0.0,0.0,0.0,0.0,0.0,0.0,2.0,0.0,0.0,0.0,0
5312368,c87b5cdb-d78a-46e9-b4b1-6952f45e38db,0.0,0.0,0.0,0.0,0.0,0.0,0.0,0.0,6.0,0.0,0.0,0.0,0
5312413,c87bca03-3856-4f8e-8f34-34ca8197edb3,0.0,0.0,0.0,0.0,0.0,0.0,0.0,0.0,5.0,0.0,0.0,0.0,0
5312461,c87c52f8-ddba-427d-84e3-585cf4927393,0.0,0.0,0.0,0.0,0.0,0.0,0.0,0.0,1.0,0.0,0.0,0.0,0
5312487,c87c9ccd-1dfe-481a-9d96-39add8512522,0.0,0.0,0.0,0.0,0.0,0.0,0.0,0.0,2.0,0.0,0.0,0.0,0
5312522,c87ce5a8-a072-4a43-b3de-048741d15dee,0.0,0.0,0.0,0.0,0.0,0.0,0.0,0.0,18.0,0.0,0.0,0.0,0
5312571,c87d5bf0-b01d-4ac7-b484-fd27b50c30e0,0.0,0.0,0.0,0.0,0.0,0.0,0.0,0.0,1.0,0.0,0.0,0.0,0
5312661,c87e5ee8-947c-47b5-b980-1b3d5d00c049,0.0,0.0,0.0,0.0,0.0,0.0,0.0,0.0,0.0,0.0,2.0,0.0,0
5312697,c87ebdce-0ed6-47de-8142-c588ae306b96,0.0,0.0,0.0,0.0,0.0,0.0,0.0,0.0,1.0,0.0,0.0,0.0,0
5312734,c87f10fc-9812-4b94-b471-b2f78ae00351,0.0,0.0,0.0,0.0,0.0,0.0,0.0,0.0,3.0,0.0,0.0,0.0,0
5312810,c87fdcdd-d1d7-412a-8c46-ff78b38d8c14,0.0,0.0,0.0,0.0,0.0,0.0,0.0,0.0,1.0,0.0,0.0,0.0,0
5312813,c87fe7cd-fd72-4b08-a42e-f1741ad242d5,0.0,0.0,0.0,0.0,0.0,0.0,0.0,0.0,17.0,0.0,0.0,0.0,0
5312918,c8812d00-473d-445e-a066-32a6d1a19ed7,0.0,0.0,0.0,0.0,0.0,0.0,0.0,0.0,1.0,0.0,0.0,1.0,1
5312935,c88157f1-0ff4-4249-9df1-abf8be76d74c,0.0,0.0,0.0,0.0,0.0,0.0,0.0,0.0,1.0,0.0,0.0,0.0,0
5313104,c882c718-7239-44f4-a811-61277140ac54,0.0,0.0,0.0,0.0,0.0,0.0,0.0,0.0,1.0,0.0,0.0,0.0,0
5313108,c882d091-c9c8-48be-bee4-70320f44c0a7,0.0,0.0,0.0,0.0,0.0,0.0,0.0,0.0,1.0,0.0,0.0,0.0,0
5313109,c882d1c6-9495-4b7f-b753-9371e2f34517,0.0,0.0,0.0,0.0,0.0,0.0,0.0,0.0,1.0,0.0,0.0,0.0,0
5313129,c88305dd-f364-4852-a0e4-6f09ecaa832c,0.0,0.0,0.0,0.0,0.0,0.0,0.0,0.0,1.0,0.0,0.0,0.0,0
5313181,c883b803-f980-46c0-91ef-c6189ae2523b,0.0,0.0,0.0,0.0,0.0,0.0,0.0,0.0,1.0,0.0,0.0,0.0,0
5313188,c883db98-5104-4e9e-85c7-90b8ac6dba43,0.0,0.0,0.0,0.0,0.0,0.0,0.0,0.0,1.0,0.0,0.0,0.0,0
5313251,c8849e39-6531-4273-b8e4-86a36aeb8514,0.0,0.0,0.0,0.0,0.0,0.0,0.0,0.0,1.0,0.0,0.0,0.0,0
5313446,c8866815-7817-4094-a980-5e00f7413a75,0.0,0.0,0.0,0.0,0.0,0.0,0.0,0.0,2.0,0.0,0.0,0.0,0
5313498,c886e79e-be36-4879-9870-6cedaf5407eb,0.0,0.0,0.0,0.0,0.0,0.0,0.0,0.0,16.0,0.0,0.0,0.0,0
5313524,c8872d81-1459-4268-8224-ea9c1cb91e34,0.0,0.0,0.0,0.0,0.0,0.0,0.0,0.0,1.0,0.0,0.0,0.0,0
5313540,c8874600-139e-4a79-abd6-b1b3a8dbec3f,0.0,0.0,0.0,0.0,0.0,0.0,0.0,0.0,1.0,0.0,0.0,0.0,0
5313582,c887aca6-6965-4987-a6a0-d4b7c757a702,0.0,0.0,0.0,0.0,0.0,0.0,0.0,0.0,4.0,0.0,0.0,0.0,0
5313810,c889ac11-1cb2-4233-8cf0-7517dc5edca1,0.0,0.0,0.0,0.0,0.0,0.0,0.0,0.0,1.0,0.0,0.0,0.0,0
5313920,c88aaf13-20de-4573-b273-0475b2143f2b,0.0,0.0,0.0,0.0,0.0,0.0,0.0,0.0,1.0,0.0,0.0,0.0,0
5313945,c88af39a-b063-4563-b823-e6957139d9ad,0.0,0.0,0.0,0.0,0.0,0.0,0.0,0.0,1.0,0.0,0.0,0.0,0
5313976,c88b36ab-6c23-4159-afca-0e31cbb5875b,0.0,0.0,0.0,0.0,0.0,0.0,0.0,0.0,3.0,0.0,0.0,0.0,0
5313982,c88b4a39-49d5-4a2d-af94-84eb94a3c0af,0.0,0.0,0.0,0.0,0.0,0.0,0.0,0.0,1.0,0.0,0.0,0.0,0
5313983,c88b4bed-5ae6-4e60-979e-dd7890c93801,0.0,0.0,0.0,0.0,0.0,0.0,0.0,0.0,4.0,0.0,0.0,0.0,0
5314042,c88bd01d-d21c-436d-92b7-4aa82eda1e61,0.0,0.0,0.0,0.0,0.0,0.0,0.0,0.0,1.0,0.0,0.0,0.0,0
5314043,c88bd332-13d6-45b1-aaf9-b407baf93c58,0.0,0.0,0.0,0.0,0.0,0.0,0.0,0.0,1.0,0.0,0.0,2.0,1
5314056,c88bee2e-a92e-4e02-8ffe-eccf53f48f51,0.0,0.0,0.0,0.0,0.0,0.0,0.0,0.0,1.0,0.0,0.0,0.0,0
5314163,c88d19cc-40ea-4ba2-8a47-849598ffd1c7,0.0,0.0,0.0,0.0,0.0,0.0,0.0,0.0,3.0,0.0,0.0,0.0,0
5314164,c88d1df5-d6f1-42cd-8860-59ea781c6d2f,0.0,0.0,0.0,0.0,0.0,0.0,0.0,0.0,4.0,0.0,0.0,0.0,0
5314170,c88d3374-c88d-4d35-81fb-5117ff808a4f,0.0,0.0,0.0,0.0,0.0,0.0,0.0,0.0,2.0,0.0,0.0,0.0,0
5314202,c88d958e-712e-409b-89a4-93725e2aec3d,0.0,0.0,0.0,0.0,0.0,0.0,0.0,0.0,1.0,0.0,0.0,0.0,0
5314206,c88da4c2-fbf3-4572-a277-4d5fd9d2926d,0.0,0.0,0.0,0.0,0.0,0.0,0.0,0.0,6.0,0.0,0.0,0.0,0
5314241,c88e071a-dc49-4664-9777-d26e46b38b34,0.0,0.0,0.0,0.0,0.0,0.0,0.0,0.0,1.0,0.0,0.0,0.0,0
5314446,c88ff812-29c9-4533-b1b1-fa08ed8b376c,0.0,0.0,0.0,0.0,0.0,0.0,0.0,0.0,1.0,0.0,0.0,0.0,0
5314503,c890acb0-ad8b-49cc-8a59-91c3d9071cdc,0.0,0.0,0.0,0.0,0.0,0.0,0.0,0.0,1.0,0.0,0.0,0.0,0
5314569,c8913784-02a9-4bfd-b20a-80fed9a4a102,0.0,0.0,0.0,0.0,0.0,0.0,0.0,0.0,1.0,0.0,0.0,0.0,0
5314610,c891a952-4898-4929-9b64-065afd5b681d,0.0,0.0,0.0,0.0,0.0,0.0,0.0,2.0,4.0,0.0,0.0,8.0,1
5314661,c892347b-4cdf-42fa-900b-8a4d904fa45a,0.0,0.0,0.0,0.0,0.0,0.0,0.0,0.0,1.0,0.0,0.0,0.0,0
5314826,c893ad5c-d1a2-465b-85f0-6baa133a4e8d,0.0,0.0,0.0,0.0,0.0,0.0,0.0,0.0,1.0,0.0,0.0,0.0,0
5314843,c893d03f-ec79-4245-acb0-4aa6d7fdae9f,0.0,0.0,0.0,0.0,0.0,0.0,0.0,0.0,2.0,0.0,0.0,0.0,0
5314868,c894111f-9685-45a9-a2d5-78d222b5b16c,0.0,0.0,0.0,0.0,0.0,0.0,0.0,0.0,1.0,0.0,0.0,0.0,0
5314870,c8941436-fb89-4d21-99b3-520d801be916,0.0,0.0,0.0,0.0,0.0,0.0,0.0,0.0,1.0,0.0,0.0,0.0,0
5314956,c894e5a6-5bb6-4377-a923-46d4a08d56ad,0.0,0.0,0.0,0.0,0.0,0.0,0.0,0.0,1.0,0.0,0.0,0.0,0
5315007,c8954f5c-a0b7-4030-9985-6ff3f5790460,0.0,0.0,0.0,0.0,0.0,0.0,0.0,0.0,3.0,0.0,0.0,0.0,0
5315051,c895ea9f-b245-4e4e-bca9-a5d7e90063b3,0.0,0.0,0.0,0.0,0.0,0.0,0.0,0.0,3.0,0.0,0.0,0.0,0
5315073,c89613a0-e38d-4fb2-a3ad-d314afa267d2,0.0,0.0,0.0,0.0,0.0,0.0,0.0,0.0,2.0,0.0,0.0,0.0,0
5315100,c8965aac-5434-4b92-bb21-24145b8f45ee,0.0,0.0,0.0,0.0,0.0,0.0,0.0,0.0,1.0,0.0,0.0,0.0,0
5315123,c8969bb4-1af8-4552-8263-91ea8f629663,0.0,0.0,0.0,0.0,0.0,0.0,0.0,0.0,1.0,0.0,0.0,0.0,0
5315197,c89748a9-cb1b-4a31-b910-2774d1fed2a6,0.0,0.0,0.0,0.0,0.0,0.0,0.0,0.0,0.0,0.0,2.0,0.0,0
5315215,c8977763-455b-4c80-8760-c2fc57755f05,0.0,0.0,0.0,0.0,0.0,0.0,0.0,0.0,4.0,0.0,0.0,0.0,0
5315218,c8977a93-1f64-49a4-885d-75ad4d50a5e9,0.0,0.0,0.0,0.0,0.0,0.0,0.0,0.0,1.0,0.0,0.0,0.0,0
5315220,c8977f8d-ed21-49e3-a6f7-dda8a6d1bc28,0.0,0.0,0.0,0.0,0.0,0.0,0.0,0.0,1.0,0.0,0.0,0.0,0
5315259,c897e86a-425e-45b3-9278-a459b988f11a,0.0,0.0,0.0,0.0,0.0,0.0,0.0,0.0,2.0,0.0,0.0,0.0,0
5315260,c897eb04-1ba1-49f1-916d-7a15ed6fba64,0.0,0.0,0.0,0.0,0.0,0.0,0.0,0.0,1.0,0.0,0.0,0.0,0
5315296,c8982ec5-3f5b-45c7-a972-4cbf17afa24a,0.0,0.0,0.0,0.0,0.0,0.0,0.0,0.0,1.0,0.0,0.0,1.0,1
5315314,c89856ef-bc66-4925-8dae-2e99d83ad956,0.0,0.0,0.0,0.0,0.0,0.0,0.0,0.0,1.0,0.0,0.0,0.0,0
5315341,c898922d-836a-4a73-b675-fbdba0b70807,0.0,0.0,0.0,0.0,0.0,0.0,0.0,0.0,3.0,0.0,0.0,0.0,0
5315433,c89972aa-634b-4855-9409-21a3dfcc70c9,0.0,0.0,0.0,0.0,0.0,0.0,0.0,0.0,3.0,0.0,0.0,0.0,0
5315472,c899f7b6-1171-4a27-a9d3-b12a4a88cb59,0.0,0.0,0.0,0.0,0.0,0.0,0.0,0.0,1.0,0.0,0.0,0.0,0
5315498,c89a3813-4dc6-4b9b-b369-cf3cd25e8cfa,0.0,0.0,0.0,0.0,0.0,0.0,0.0,0.0,1.0,0.0,0.0,0.0,0
5315520,c89a6923-1d00-4b18-89bf-dfa96199b5e2,0.0,0.0,0.0,0.0,0.0,0.0,0.0,0.0,1.0,0.0,0.0,0.0,0
5315571,c89af400-05a4-43fb-b999-14babfa946ee,0.0,0.0,0.0,0.0,0.0,0.0,0.0,0.0,2.0,0.0,0.0,0.0,0
5315643,c89b8d8e-2d97-40be-80e7-03ab89a81133,0.0,0.0,0.0,0.0,0.0,0.0,0.0,0.0,1.0,0.0,0.0,0.0,0
5315795,c89ce1d8-9566-491e-8fc0-759db55df108,0.0,0.0,0.0,0.0,0.0,0.0,0.0,0.0,1.0,0.0,0.0,0.0,0
5315877,c89dcef6-2ea1-4d79-873c-970448d430e1,0.0,0.0,0.0,0.0,0.0,0.0,0.0,0.0,1.0,0.0,0.0,0.0,0
5315907,c89e11d6-5388-4632-a79f-60d3c2822ef9,0.0,0.0,0.0,0.0,0.0,0.0,0.0,0.0,1.0,0.0,0.0,0.0,0
5315940,c89e5d8e-61f1-498c-affd-315ca58d8ece,0.0,0.0,0.0,0.0,0.0,0.0,0.0,0.0,2.0,0.0,0.0,0.0,0
5315947,c89e6aa8-09ed-4aaf-897e-bd8954bf0bc9,0.0,0.0,0.0,0.0,0.0,0.0,0.0,0.0,1.0,0.0,0.0,0.0,0
5315993,c89eda8c-4931-42b1-9548-4eeee58f4210,0.0,0.0,0.0,0.0,0.0,0.0,0.0,0.0,0.0,0.0,2.0,0.0,0
5316006,c89ef276-f5d4-45f2-947d-f953968ad74d,0.0,0.0,0.0,0.0,0.0,0.0,0.0,0.0,1.0,0.0,0.0,0.0,0
5316045,c89f5777-ab69-4f40-9984-f63801a02852,0.0,0.0,0.0,0.0,0.0,0.0,0.0,0.0,1.0,0.0,0.0,0.0,0
5316052,c89f6ed6-87aa-4001-972f-77dd10b8d0eb,0.0,0.0,0.0,0.0,0.0,0.0,0.0,0.0,1.0,0.0,0.0,0.0,0
5316185,c8a0f047-996e-4540-973e-0bb421d2062d,0.0,0.0,0.0,0.0,0.0,0.0,0.0,0.0,1.0,0.0,0.0,0.0,0
5316204,c8a11853-7600-4729-838d-441faff156f8,0.0,0.0,0.0,0.0,0.0,0.0,0.0,0.0,1.0,0.0,0.0,0.0,0
5316345,c8a27ccd-1e47-4335-8fa5-65010cae1322,0.0,0.0,0.0,0.0,0.0,0.0,0.0,0.0,1.0,0.0,0.0,0.0,0
5316366,c8a2bc62-75d4-4875-b8cc-080458ad8428,0.0,0.0,0.0,0.0,0.0,0.0,0.0,0.0,1.0,0.0,0.0,0.0,0
5316377,c8a2cf35-25fd-4adc-b458-f1c3aab71151,0.0,0.0,0.0,0.0,0.0,0.0,0.0,0.0,2.0,0.0,0.0,0.0,0
5316404,c8a3086f-9646-405f-8edf-44fbbbad7630,0.0,0.0,0.0,0.0,0.0,0.0,0.0,0.0,3.0,0.0,0.0,0.0,0
5316468,c8a39c18-fb75-404b-8226-289477f71747,0.0,0.0,0.0,0.0,0.0,0.0,0.0,0.0,2.0,0.0,0.0,0.0,0
5316470,c8a39e36-a2d6-48ac-8b9b-de0396478095,0.0,0.0,0.0,0.0,0.0,0.0,0.0,0.0,2.0,0.0,0.0,0.0,0
5316511,c8a407c6-0367-45bf-b536-fb42eec78047,0.0,0.0,0.0,0.0,0.0,0.0,0.0,0.0,1.0,0.0,0.0,0.0,0
5316550,c8a447e9-5793-40b3-936b-2a075e2a3057,0.0,0.0,0.0,0.0,0.0,0.0,0.0,0.0,1.0,0.0,0.0,0.0,0
5316563,c8a46c34-76a9-423e-a0a3-5a8d362f638f,0.0,0.0,0.0,0.0,0.0,0.0,0.0,0.0,4.0,0.0,0.0,0.0,0
5316643,c8a51479-c650-47f9-b723-a35db9bbe21e,0.0,0.0,0.0,0.0,0.0,0.0,0.0,0.0,2.0,0.0,0.0,0.0,0
5316671,c8a55c12-a71f-4eda-9e0c-7d55f6d3c007,0.0,0.0,0.0,0.0,0.0,0.0,0.0,0.0,1.0,0.0,0.0,1.0,1
5316713,c8a601f2-e158-4bb6-9fe4-c69b08f0cea3,0.0,0.0,0.0,0.0,0.0,0.0,0.0,0.0,2.0,0.0,0.0,0.0,0
5316731,c8a63580-5995-4630-bdaa-587b73b7baa4,0.0,0.0,0.0,0.0,0.0,0.0,0.0,0.0,1.0,0.0,0.0,0.0,0
5316797,c8a6ec9d-04eb-4941-8547-d18e17fa03b5,0.0,0.0,0.0,0.0,0.0,0.0,0.0,0.0,2.0,0.0,0.0,3.0,1
5316798,c8a6ef59-0234-40f9-ba2d-63038c44f027,0.0,0.0,0.0,0.0,0.0,0.0,0.0,0.0,1.0,0.0,0.0,0.0,0
5316889,c8a7f8c4-f6d8-401d-a744-b960a50a147f,0.0,0.0,0.0,0.0,0.0,0.0,0.0,0.0,1.0,0.0,0.0,0.0,0
5316946,c8a88a1b-33b5-489f-86d9-64b6fc653e1e,0.0,0.0,0.0,0.0,0.0,0.0,0.0,0.0,2.0,0.0,0.0,0.0,0
5316965,c8a8c21c-dcce-435c-beb4-4ab695288919,0.0,0.0,0.0,0.0,0.0,0.0,0.0,0.0,1.0,0.0,0.0,0.0,0
5317046,c8a9aa0e-08ac-4694-a024-8983b8da9fdf,0.0,0.0,0.0,0.0,0.0,0.0,0.0,0.0,4.0,0.0,0.0,0.0,0
5317180,c8aaf9fb-df51-4daa-8027-2ba11d5e4de0,0.0,0.0,0.0,0.0,0.0,0.0,0.0,0.0,1.0,0.0,0.0,0.0,0
5317298,c8ac07c4-3f0c-43e9-8514-238da91b2ec1,0.0,0.0,0.0,0.0,0.0,0.0,0.0,0.0,1.0,0.0,0.0,0.0,0
5317313,c8ac3f42-2f45-4af8-b5cf-acde164f87f3,0.0,0.0,0.0,0.0,0.0,0.0,0.0,0.0,2.0,0.0,0.0,0.0,0
5317349,c8acb3db-abcb-445c-8133-eedd0d6548a8,0.0,0.0,0.0,0.0,0.0,0.0,0.0,0.0,2.0,0.0,0.0,0.0,0
5317354,c8acc250-b84b-4deb-bc8f-2d55bc6b9618,0.0,0.0,0.0,0.0,0.0,0.0,0.0,0.0,1.0,0.0,0.0,0.0,0
5317390,c8ad144d-6a9c-42ec-a3b0-836d301fd914,0.0,0.0,0.0,0.0,0.0,0.0,0.0,0.0,1.0,0.0,0.0,0.0,0
5317403,c8ad36da-870f-4d61-8c9d-04e6b5bc4fb8,0.0,0.0,0.0,0.0,0.0,0.0,0.0,0.0,1.0,0.0,0.0,1.0,1
5317428,c8ad7711-5f88-4dab-9cb1-93837b62e69e,0.0,0.0,0.0,0.0,0.0,0.0,0.0,0.0,1.0,0.0,0.0,0.0,0
5317471,c8ade35d-cf92-4047-abfe-c3e1a6684cb3,0.0,0.0,0.0,0.0,0.0,0.0,0.0,0.0,9.0,0.0,0.0,1.0,1
5317476,c8adf6a8-1e72-4582-b52e-acaf2930af30,0.0,0.0,0.0,0.0,0.0,0.0,0.0,0.0,11.0,0.0,0.0,1.0,1
5317497,c8ae3502-f318-487c-b113-9b35866d756a,0.0,0.0,0.0,0.0,0.0,0.0,0.0,0.0,1.0,0.0,0.0,0.0,0
5317505,c8ae5bd7-30d0-42f7-8f83-2f10e6b0e2d2,0.0,0.0,0.0,0.0,0.0,0.0,0.0,0.0,2.0,0.0,0.0,0.0,0
5317537,c8aeb349-ac06-4fbc-be14-ceb69114804a,0.0,0.0,0.0,0.0,0.0,0.0,0.0,0.0,1.0,0.0,0.0,0.0,0
5317620,c8af75d7-492d-41fd-8de1-8f6b8af6602a,0.0,0.0,0.0,0.0,0.0,0.0,0.0,0.0,1.0,0.0,0.0,0.0,0
5317751,c8b0f185-5bbf-4057-aa38-a4fcc6d7a5a6,0.0,0.0,0.0,0.0,0.0,0.0,0.0,0.0,1.0,0.0,0.0,0.0,0
5317797,c8b17d02-4761-45e1-aef8-15b82535ea90,0.0,0.0,0.0,0.0,0.0,0.0,0.0,0.0,1.0,0.0,0.0,1.0,1
5317829,c8b1cc93-396d-40d0-a878-0eeceb79e6a2,0.0,0.0,0.0,0.0,0.0,0.0,0.0,0.0,1.0,0.0,0.0,0.0,0
5317992,c8b34c65-23d5-45e0-b2e9-dd3483ff6da5,0.0,0.0,0.0,0.0,0.0,0.0,0.0,0.0,1.0,0.0,0.0,0.0,0
5318192,c8b565b3-8110-4619-a343-f66c53498550,0.0,0.0,0.0,0.0,0.0,0.0,0.0,0.0,1.0,0.0,0.0,0.0,0
5318280,c8b63f47-40aa-49e6-aa26-2daf83ab89a3,0.0,0.0,0.0,0.0,0.0,0.0,0.0,0.0,1.0,0.0,0.0,0.0,0
5318287,c8b655c9-1a29-4fe8-8fd6-f58046609883,0.0,0.0,0.0,0.0,0.0,0.0,0.0,0.0,1.0,0.0,0.0,0.0,0
5318310,c8b6849d-f89b-4468-90a4-69a5b8ea2bdf,0.0,0.0,0.0,0.0,0.0,0.0,0.0,0.0,2.0,0.0,0.0,0.0,0
5318347,c8b6df8e-109c-4127-a253-bc74a1d1faaa,0.0,0.0,0.0,0.0,0.0,0.0,0.0,0.0,8.0,0.0,0.0,0.0,0
5318378,c8b73171-b807-4bd0-82e8-49b3658fc472,0.0,0.0,0.0,0.0,0.0,0.0,0.0,0.0,1.0,0.0,0.0,0.0,0
5318440,c8b7c6c2-cb7b-4889-acec-c0fd976b2fd3,0.0,0.0,0.0,0.0,0.0,0.0,0.0,0.0,1.0,0.0,0.0,0.0,0
5318469,c8b81dfb-bd0b-4918-8df0-1107a845c7a9,0.0,0.0,0.0,0.0,0.0,0.0,0.0,0.0,4.0,0.0,0.0,0.0,0
5318557,c8b8ec9c-8788-41f2-94a9-c8b19825645f,0.0,0.0,0.0,0.0,0.0,0.0,0.0,0.0,1.0,0.0,0.0,0.0,0
5318574,c8b924e8-9b54-4f45-b5c3-906d00fa065b,0.0,0.0,0.0,0.0,0.0,0.0,0.0,0.0,2.0,0.0,0.0,0.0,0
5318580,c8b93421-792f-4f45-a2c9-4a92f4e39154,0.0,0.0,0.0,0.0,0.0,0.0,0.0,0.0,1.0,0.0,0.0,0.0,0
5318591,c8b953d0-0fef-4191-b2d2-51a92f931201,0.0,0.0,0.0,0.0,0.0,0.0,0.0,0.0,6.0,0.0,0.0,0.0,0
5318600,c8b9653b-eba9-413d-9dfd-b294819514d3,0.0,0.0,0.0,0.0,0.0,0.0,0.0,0.0,1.0,0.0,0.0,0.0,0
5318609,c8b97cc6-4d1c-4e51-a32a-4bae158ff326,0.0,0.0,0.0,0.0,0.0,0.0,0.0,0.0,2.0,0.0,0.0,0.0,0
5318740,c8bac4f3-7198-4e99-b82f-3d24a9cff0a0,0.0,0.0,0.0,0.0,0.0,0.0,0.0,0.0,1.0,0.0,0.0,0.0,0
5318763,c8bb01b5-9a7f-475b-ae06-fab832126567,0.0,0.0,0.0,0.0,0.0,0.0,0.0,0.0,5.0,0.0,0.0,0.0,0
5318807,c8bb817e-9cfc-49ec-bcaf-cbdce1fc71f1,0.0,0.0,0.0,0.0,0.0,0.0,0.0,0.0,5.0,0.0,0.0,0.0,0
5318880,c8bc43a7-4399-4d87-9174-1bef46da63cc,0.0,0.0,0.0,0.0,0.0,0.0,0.0,0.0,1.0,0.0,0.0,0.0,0
5318887,c8bc4ffc-34e3-4670-9991-5eb76ea12a75,0.0,0.0,0.0,0.0,0.0,0.0,0.0,0.0,28.0,0.0,0.0,0.0,0
5319015,c8bd664f-dcb8-4b2a-a97e-d3d861dc1075,0.0,0.0,0.0,0.0,0.0,0.0,0.0,0.0,1.0,0.0,0.0,0.0,0
5319024,c8bd77ad-d905-4a3e-9e7e-f4b44109bb8f,0.0,0.0,0.0,0.0,0.0,0.0,0.0,0.0,1.0,0.0,0.0,0.0,0
5319107,c8be524b-5573-441a-97be-ca12d7508ba0,0.0,0.0,0.0,0.0,0.0,0.0,0.0,0.0,1.0,0.0,0.0,0.0,0
5319120,c8be6692-d061-41cc-acb7-680108122411,0.0,0.0,0.0,0.0,0.0,0.0,0.0,0.0,2.0,0.0,0.0,0.0,0
5319256,c8bf8ef4-fa06-40fd-9714-165737d113ef,0.0,0.0,0.0,0.0,0.0,0.0,0.0,0.0,1.0,0.0,0.0,0.0,0
5319413,c8c10d40-13ec-410c-be5d-2d1643441e41,0.0,0.0,0.0,0.0,0.0,0.0,0.0,0.0,1.0,0.0,0.0,0.0,0
5319442,c8c153fe-a541-49ed-ad31-edaf18d3081a,0.0,0.0,0.0,0.0,0.0,0.0,0.0,0.0,1.0,0.0,0.0,0.0,0
5319540,c8c24abd-864a-4f6f-beea-499d9f5dee36,0.0,0.0,0.0,0.0,0.0,0.0,0.0,0.0,3.0,0.0,0.0,0.0,0
5319570,c8c289ac-11d5-444c-b353-c624b5646d07,0.0,0.0,0.0,0.0,0.0,0.0,0.0,0.0,1.0,0.0,0.0,0.0,0
5319653,c8c361ba-12f0-4f2d-a882-25d1f207c80d,0.0,0.0,0.0,0.0,0.0,0.0,0.0,0.0,0.0,0.0,2.0,0.0,0
5319672,c8c398c2-18f6-45ea-85ed-2e4f5474629f,0.0,0.0,0.0,0.0,0.0,0.0,0.0,0.0,1.0,0.0,0.0,0.0,0
5319690,c8c3bad1-6481-403e-a7e5-a93daf65115b,0.0,0.0,0.0,0.0,0.0,0.0,0.0,0.0,1.0,0.0,0.0,0.0,0
5319714,c8c3ef15-cd5a-4265-a6b3-f138b66a6776,0.0,0.0,0.0,0.0,0.0,0.0,0.0,0.0,2.0,0.0,0.0,0.0,0
5319727,c8c3fcfe-b093-4b9a-b256-0b08d4630f1f,0.0,0.0,0.0,0.0,0.0,0.0,0.0,0.0,1.0,0.0,0.0,0.0,0
5319762,c8c4555a-1fb6-4fc6-b610-e943962c76b2,0.0,0.0,0.0,0.0,0.0,0.0,0.0,0.0,1.0,0.0,0.0,0.0,0
5319779,c8c4740e-a630-4f9e-8f25-064c30aa8bec,0.0,0.0,0.0,0.0,0.0,0.0,0.0,0.0,1.0,0.0,0.0,0.0,0
5319780,c8c47af3-4e2e-47af-8864-bee87ccd043f,0.0,0.0,0.0,0.0,0.0,0.0,0.0,0.0,1.0,0.0,0.0,0.0,0
5319827,c8c4f87e-efda-40a3-9cd1-4abdf3676b77,0.0,0.0,0.0,0.0,0.0,0.0,0.0,0.0,5.0,0.0,0.0,0.0,0
5319838,c8c50f88-51c5-45e1-99fc-79b76bbd08f4,0.0,0.0,0.0,0.0,0.0,0.0,0.0,0.0,1.0,0.0,0.0,0.0,0
5319879,c8c585c0-ea49-4bbe-a8b1-2f4d5c3a45ce,0.0,0.0,0.0,0.0,0.0,0.0,0.0,0.0,2.0,0.0,0.0,0.0,0
5319949,c8c624d1-5720-4d20-b44f-6dd8a54c0bac,0.0,0.0,0.0,0.0,0.0,0.0,0.0,0.0,1.0,0.0,0.0,0.0,0
5319984,c8c688a1-14bf-4813-a8a0-2e4ddd4d10c4,0.0,0.0,0.0,0.0,0.0,0.0,0.0,0.0,1.0,0.0,0.0,0.0,0
5320007,c8c6c114-c398-40f9-8209-15253a068072,0.0,0.0,0.0,0.0,0.0,0.0,0.0,0.0,2.0,0.0,0.0,0.0,0
5320061,c8c73dc5-1d2b-4726-87dc-f53f0fc8d353,0.0,0.0,0.0,0.0,0.0,0.0,0.0,0.0,1.0,0.0,0.0,0.0,0
5320153,c8c825e3-5906-4df9-96d8-a8732a2acd69,0.0,0.0,0.0,0.0,0.0,0.0,0.0,0.0,1.0,0.0,0.0,0.0,0
5320158,c8c833f5-58a6-41e7-a583-a42626b3f6dd,0.0,0.0,0.0,0.0,0.0,0.0,0.0,0.0,2.0,0.0,0.0,0.0,0
5320174,c8c86c8d-c9a7-4f10-90e3-b11abe12e6db,0.0,0.0,0.0,0.0,0.0,0.0,0.0,0.0,3.0,0.0,0.0,0.0,0
5320262,c8c92015-f78d-43c4-a3f5-eb0ab75f99a3,0.0,0.0,0.0,0.0,0.0,0.0,0.0,0.0,0.0,0.0,4.0,0.0,0
5320264,c8c92625-9eb1-4659-98a9-f6fa2474c6cc,0.0,0.0,0.0,0.0,0.0,0.0,0.0,0.0,3.0,0.0,0.0,0.0,0
5320297,c8c965bf-6ef5-4408-820d-e6989bc97ae6,0.0,0.0,0.0,0.0,0.0,0.0,0.0,0.0,2.0,0.0,0.0,0.0,0
5320301,c8c96ed4-5ffd-4815-82c8-c12b6a791570,0.0,0.0,0.0,0.0,0.0,0.0,0.0,0.0,1.0,0.0,0.0,0.0,0
5320411,c8ca5b89-237f-4181-be84-7593ac1cd7b9,0.0,0.0,0.0,0.0,0.0,0.0,0.0,0.0,3.0,0.0,0.0,1.0,1
5320482,c8cadf6f-a647-47fa-b4c1-fddae7f449b0,0.0,0.0,0.0,0.0,0.0,0.0,0.0,0.0,1.0,0.0,0.0,0.0,0
5320496,c8cb0b6f-be5e-4a58-843d-857d2ba27d6f,0.0,0.0,0.0,0.0,0.0,0.0,0.0,0.0,1.0,0.0,0.0,0.0,0
5320713,c8cd3e8c-6779-4ecb-9695-1ce321963b84,0.0,0.0,0.0,0.0,0.0,0.0,0.0,0.0,1.0,0.0,0.0,1.0,1
5320784,c8cdf3af-f9b4-4a57-a17f-e2b7bb8f8a11,0.0,0.0,0.0,0.0,0.0,0.0,0.0,0.0,1.0,0.0,0.0,0.0,0
5320789,c8cdfb1f-6b24-4110-9aec-24c9f04f7274,0.0,0.0,0.0,0.0,0.0,0.0,0.0,0.0,18.0,0.0,0.0,19.0,1
5320797,c8ce1258-9d2d-45f4-a9f6-f07292d08296,0.0,0.0,0.0,0.0,0.0,0.0,0.0,0.0,1.0,0.0,0.0,0.0,0
5320875,c8ceba85-dcc5-4404-8672-61c3e14cbb57,0.0,0.0,0.0,0.0,0.0,0.0,0.0,0.0,1.0,0.0,0.0,0.0,0
5320906,c8cf01d2-410d-4d1b-9ce2-a308ce81c1c8,0.0,0.0,0.0,0.0,0.0,0.0,0.0,0.0,1.0,0.0,0.0,0.0,0
5320939,c8cf6e45-0a27-4a0b-83f3-aa6bc83e3ccf,0.0,0.0,0.0,0.0,0.0,0.0,0.0,0.0,0.0,0.0,2.0,0.0,0
5320985,c8cfdb33-3a13-460c-a260-10cecbb917fd,0.0,0.0,0.0,0.0,0.0,0.0,0.0,0.0,2.0,0.0,0.0,0.0,0
5321062,c8d0a6b3-467d-4547-bb5a-ee7ab9493a19,0.0,0.0,0.0,0.0,0.0,0.0,0.0,0.0,1.0,0.0,0.0,0.0,0
5321072,c8d0bc14-453c-4568-9254-565bda986b85,0.0,0.0,0.0,0.0,0.0,0.0,0.0,0.0,2.0,0.0,0.0,0.0,0
5321117,c8d14329-f979-4f7d-8ebf-cf5cd92497ed,0.0,0.0,0.0,0.0,0.0,0.0,0.0,0.0,6.0,0.0,0.0,0.0,0
5321154,c8d19a84-c12c-4e6c-b070-64f04bc31428,0.0,0.0,0.0,0.0,0.0,0.0,0.0,0.0,3.0,0.0,0.0,0.0,0
5321251,c8d2a012-fe0f-470f-aa4a-00978ad2f00f,0.0,0.0,0.0,0.0,0.0,0.0,0.0,0.0,1.0,0.0,0.0,0.0,0
5321261,c8d2acd6-2073-4f0d-b5b7-731bb129fa1e,0.0,0.0,0.0,0.0,0.0,0.0,0.0,0.0,3.0,0.0,0.0,2.0,1
5321281,c8d2d758-1d06-468a-b28b-86fd096c5c5f,0.0,0.0,0.0,0.0,0.0,0.0,0.0,0.0,3.0,0.0,0.0,0.0,0
5321374,c8d3c46d-825a-45d0-aefa-f0a0af0c570d,0.0,0.0,0.0,0.0,0.0,0.0,0.0,0.0,2.0,0.0,0.0,0.0,0
5321471,c8d4c628-4f44-4abb-b78e-0c4479d80439,0.0,0.0,0.0,0.0,0.0,0.0,0.0,0.0,2.0,0.0,0.0,0.0,0
5321483,c8d4d89c-58be-44fb-b3f6-c13742227385,0.0,0.0,0.0,0.0,0.0,0.0,0.0,0.0,3.0,0.0,0.0,0.0,0
5321679,c8d6857e-15ce-450f-b839-fed34af4026a,0.0,0.0,0.0,0.0,0.0,0.0,0.0,0.0,1.0,0.0,0.0,0.0,0
5321701,c8d6b2db-8183-4fa6-88f9-c9e95256bc60,0.0,0.0,0.0,0.0,0.0,0.0,0.0,0.0,1.0,0.0,0.0,0.0,0
5321724,c8d6dbf1-2eb2-4c4a-839f-298a6b984673,0.0,0.0,0.0,0.0,0.0,0.0,0.0,0.0,1.0,0.0,0.0,0.0,0
5321743,c8d709e7-5b78-4276-904f-91e747a356b4,0.0,0.0,0.0,0.0,0.0,0.0,0.0,0.0,1.0,0.0,0.0,0.0,0
5321867,c8d857af-7514-4f36-8197-f9dbbd2d7f9e,0.0,0.0,0.0,0.0,0.0,0.0,0.0,0.0,1.0,0.0,0.0,0.0,0
5321874,c8d8631d-d576-44c2-aab9-708c3cc6ccd4,0.0,0.0,0.0,0.0,0.0,0.0,0.0,0.0,1.0,0.0,0.0,0.0,0
5321891,c8d88ff2-4759-4de9-806e-0375a5c3ae2a,0.0,0.0,0.0,0.0,0.0,0.0,0.0,0.0,1.0,0.0,0.0,0.0,0
5321970,c8d93b67-c442-4b2e-8395-d94a367bd837,0.0,0.0,0.0,0.0,0.0,0.0,0.0,0.0,1.0,0.0,0.0,0.0,0
5322106,c8da7a9d-2fca-44d1-bf8c-bcfe0cf6bb99,0.0,0.0,0.0,0.0,0.0,0.0,0.0,0.0,3.0,0.0,0.0,0.0,0
5322160,c8db0957-3f0d-45a7-bf7a-453883c8ceda,0.0,0.0,0.0,0.0,0.0,0.0,0.0,2.0,0.0,0.0,0.0,0.0,0
5322201,c8db731d-9bd8-47f7-8af6-0e5a1d9a858e,0.0,0.0,0.0,0.0,0.0,0.0,0.0,0.0,2.0,0.0,0.0,0.0,0
5322215,c8dba6be-c1d1-4382-8a98-23ce5b48c318,0.0,0.0,0.0,0.0,0.0,0.0,0.0,0.0,1.0,0.0,0.0,0.0,0
5322220,c8dbb85c-2bbd-4ec4-8449-c0394a102839,0.0,0.0,0.0,0.0,0.0,0.0,0.0,0.0,5.0,0.0,0.0,0.0,0
5322224,c8dbc983-9520-4a91-a8d9-14b07dc49d94,0.0,0.0,0.0,0.0,0.0,0.0,0.0,0.0,2.0,0.0,0.0,0.0,0
5322279,c8dc44d8-5f6f-4f5c-9d97-f5f495f840fd,0.0,0.0,0.0,0.0,0.0,0.0,0.0,0.0,1.0,0.0,0.0,0.0,0
5322287,c8dc63b0-efd5-4045-9b65-fe2576a7d273,0.0,0.0,0.0,0.0,0.0,0.0,0.0,0.0,2.0,0.0,0.0,0.0,0
5322290,c8dc693a-dedb-4682-b1dd-425c80d2e7b0,0.0,0.0,0.0,0.0,0.0,0.0,0.0,0.0,1.0,0.0,0.0,0.0,0
5322301,c8dc8d2d-009a-41bb-9950-2763544e872d,0.0,0.0,0.0,0.0,0.0,0.0,0.0,0.0,1.0,0.0,0.0,0.0,0
5322345,c8dd15f7-d579-4fdc-aeff-778d9a42634f,0.0,0.0,0.0,0.0,0.0,0.0,0.0,0.0,1.0,0.0,0.0,0.0,0
5322374,c8dd526c-c291-4dcd-9dab-bb52f4f9b668,0.0,0.0,0.0,0.0,0.0,0.0,0.0,0.0,2.0,0.0,0.0,0.0,0
5322433,c8ddf352-ba43-4ea4-8897-350215433549,0.0,0.0,0.0,0.0,0.0,0.0,0.0,0.0,1.0,0.0,0.0,0.0,0
5322482,c8de6894-0787-48db-a9bb-f43fb02d6ad0,0.0,0.0,0.0,0.0,0.0,0.0,0.0,0.0,1.0,0.0,0.0,0.0,0
5322514,c8dec1e0-5d31-42f0-89f8-6fa30c287527,0.0,0.0,0.0,0.0,0.0,0.0,0.0,0.0,1.0,0.0,0.0,0.0,0
5322524,c8ded1de-7a9d-4750-9d4a-dcfc61a712f8,0.0,0.0,0.0,0.0,0.0,0.0,0.0,0.0,1.0,0.0,0.0,0.0,0
5322558,c8df1242-5254-4e77-b115-28aff96dfd89,0.0,0.0,0.0,0.0,0.0,0.0,0.0,0.0,1.0,0.0,0.0,0.0,0
5322589,c8df46f4-4138-4235-a07c-4facab3f40d4,0.0,0.0,0.0,0.0,0.0,0.0,0.0,0.0,4.0,0.0,0.0,0.0,0
5322629,c8df91ea-edd3-45c2-b19b-ca1c6c98cc3a,0.0,0.0,0.0,0.0,0.0,0.0,0.0,0.0,3.0,0.0,0.0,0.0,0
5322631,c8df9533-6838-4407-b5c7-d6aa4ab5cbcd,0.0,0.0,0.0,0.0,0.0,0.0,0.0,0.0,2.0,0.0,0.0,0.0,0
5322645,c8dfbe9d-b8dd-4405-9bb3-4ce08c146b12,0.0,0.0,0.0,0.0,0.0,0.0,0.0,0.0,1.0,0.0,0.0,0.0,0
5322699,c8e03e36-aece-4757-a87d-525051c00b27,0.0,0.0,0.0,0.0,0.0,0.0,0.0,0.0,2.0,0.0,0.0,0.0,0
5322760,c8e0d2bf-742c-4665-976b-ec9c774a7039,0.0,0.0,0.0,0.0,0.0,0.0,0.0,0.0,1.0,0.0,0.0,0.0,0
5322839,c8e19112-d912-4b2e-a957-73ac6634a642,0.0,0.0,0.0,0.0,0.0,0.0,0.0,0.0,2.0,0.0,0.0,0.0,0
5322849,c8e1af52-0336-4617-903b-145204f293ed,0.0,0.0,0.0,0.0,0.0,0.0,0.0,0.0,5.0,0.0,0.0,0.0,0
5322875,c8e1db8c-71eb-4c6e-83fb-e4d4aa414d15,0.0,0.0,0.0,0.0,0.0,0.0,0.0,0.0,1.0,0.0,0.0,0.0,0
5322899,c8e20cea-c96c-4907-b37c-455a093c6322,0.0,0.0,0.0,0.0,0.0,0.0,0.0,0.0,3.0,0.0,0.0,8.0,1
5322953,c8e283cd-9fec-4c65-9655-ee618ef25029,0.0,0.0,0.0,0.0,0.0,0.0,0.0,0.0,9.0,0.0,0.0,0.0,0
5323028,c8e3230e-118f-4907-8a57-efc025e9de16,0.0,0.0,0.0,0.0,0.0,0.0,0.0,0.0,1.0,0.0,0.0,0.0,0
5323103,c8e40032-0f73-49c2-bfab-af2fc3332cbb,0.0,0.0,0.0,0.0,0.0,0.0,0.0,0.0,1.0,0.0,0.0,0.0,0
5323281,c8e5af47-b0a4-42d8-bca9-f702bb76cb36,0.0,0.0,0.0,0.0,0.0,0.0,0.0,0.0,1.0,0.0,0.0,0.0,0
5323304,c8e5e3ac-1de9-4bf1-b2da-9291cc5b32fc,0.0,0.0,0.0,0.0,0.0,0.0,0.0,0.0,1.0,0.0,0.0,1.0,1
5323362,c8e66fa2-996f-4940-a6be-0109af3a76d6,0.0,0.0,0.0,0.0,0.0,0.0,0.0,0.0,1.0,0.0,0.0,0.0,0
5323391,c8e6b522-2142-4116-ba99-e54f0e27e151,0.0,0.0,0.0,0.0,0.0,0.0,0.0,0.0,2.0,0.0,0.0,0.0,0
5323410,c8e6db20-3764-4933-9b1d-c631970814e9,0.0,0.0,0.0,0.0,0.0,0.0,0.0,0.0,1.0,0.0,0.0,0.0,0
5323429,c8e70c0a-1b7f-40cf-a0f3-ca6d5d326441,0.0,0.0,0.0,0.0,0.0,0.0,0.0,0.0,1.0,0.0,0.0,0.0,0
5323487,c8e796ee-98ae-4a8e-9bd8-aa3cb442417b,0.0,0.0,0.0,0.0,0.0,0.0,0.0,0.0,2.0,0.0,0.0,0.0,0
5323532,c8e7e319-e463-4063-81f0-0e53da1de4ea,0.0,0.0,0.0,0.0,0.0,0.0,0.0,0.0,2.0,0.0,0.0,0.0,0
5323560,c8e82e43-a368-450a-a82d-68b4518fd9cf,0.0,0.0,0.0,0.0,0.0,0.0,0.0,0.0,1.0,0.0,0.0,0.0,0
5323561,c8e83368-746c-4791-b3c0-2b1c2854b20c,0.0,0.0,0.0,0.0,0.0,0.0,0.0,0.0,1.0,0.0,0.0,0.0,0
5323580,c8e864a0-397a-42f6-b6d9-9b89995c841b,0.0,0.0,0.0,0.0,0.0,0.0,0.0,0.0,1.0,0.0,0.0,0.0,0
5323642,c8e8d829-a12c-43a3-b4cb-138a8289f654,0.0,0.0,0.0,0.0,0.0,0.0,0.0,0.0,1.0,0.0,0.0,0.0,0
5323801,c8ea96e3-d8b9-473b-8537-2cdc661a2a16,0.0,0.0,0.0,0.0,0.0,0.0,0.0,0.0,2.0,0.0,0.0,0.0,0
5323818,c8eac7a0-3dc7-418e-b752-6544a90c18f3,0.0,0.0,0.0,0.0,0.0,0.0,0.0,0.0,1.0,0.0,0.0,0.0,0
5323921,c8ebf6ab-814b-4ceb-833f-69f33c1c3fc3,0.0,0.0,0.0,0.0,0.0,0.0,0.0,0.0,1.0,0.0,0.0,0.0,0
5323989,c8ecbf31-4076-4b98-a7a3-31cdc8911384,0.0,0.0,0.0,0.0,0.0,0.0,0.0,0.0,1.0,0.0,0.0,0.0,0
5324061,c8ed8d53-6063-422e-83d3-986cbc20a66d,0.0,0.0,0.0,0.0,0.0,0.0,0.0,0.0,1.0,0.0,0.0,0.0,0
5324210,c8ef2f6b-0713-4a31-8065-ddd3153d797d,0.0,0.0,0.0,0.0,0.0,0.0,0.0,0.0,1.0,0.0,0.0,0.0,0
5324241,c8ef7b7e-4e18-4e88-a7df-1da20269df93,0.0,0.0,0.0,0.0,0.0,0.0,0.0,0.0,3.0,0.0,0.0,0.0,0
5324303,c8f01b81-7e58-4433-990f-48bb1ff3f5be,0.0,0.0,0.0,0.0,0.0,0.0,0.0,0.0,2.0,0.0,6.0,0.0,0
5324325,c8f0428e-19a5-4edd-b697-434f91eb4235,0.0,0.0,0.0,0.0,0.0,0.0,0.0,0.0,2.0,0.0,0.0,0.0,0
5324374,c8f0a925-2951-40a9-9ca4-d71fc7ab211e,0.0,0.0,0.0,0.0,0.0,0.0,0.0,0.0,1.0,0.0,0.0,0.0,0
5324389,c8f0d5db-65af-4dff-9c6c-36f027590550,0.0,0.0,0.0,0.0,0.0,0.0,0.0,0.0,1.0,0.0,0.0,0.0,0
5324399,c8f0e758-847a-4a1c-9f0a-ade4db414c57,0.0,0.0,0.0,0.0,0.0,0.0,0.0,0.0,10.0,0.0,0.0,0.0,0
5324469,c8f176b1-97a7-4c0b-a363-ba798fede3c4,0.0,0.0,0.0,0.0,0.0,0.0,0.0,0.0,1.0,0.0,0.0,0.0,0
5324483,c8f1a670-6d80-4f2e-a8cc-85527518d38c,0.0,0.0,0.0,0.0,0.0,0.0,0.0,2.0,0.0,0.0,0.0,0.0,0
5324491,c8f1be51-9472-4437-9b71-653bd3f08d05,0.0,0.0,0.0,0.0,0.0,0.0,0.0,0.0,4.0,0.0,0.0,0.0,0
5324553,c8f23865-cb92-489e-9f2f-cf01bccb0393,0.0,0.0,0.0,0.0,0.0,0.0,0.0,0.0,3.0,0.0,0.0,0.0,0
5324747,c8f438be-342f-49b3-9cc2-47ddf475c7a3,0.0,0.0,0.0,0.0,0.0,0.0,0.0,0.0,1.0,0.0,0.0,0.0,0
5324802,c8f4b51a-8057-4017-a260-655f9d05505c,0.0,0.0,0.0,0.0,0.0,0.0,0.0,0.0,2.0,0.0,0.0,0.0,0
5324880,c8f580e2-1661-460d-bd08-075f86a603cc,0.0,0.0,0.0,0.0,0.0,0.0,0.0,0.0,2.0,0.0,0.0,0.0,0
5324952,c8f61fb2-943f-4992-91a5-a2a30a83d708,0.0,0.0,0.0,0.0,0.0,0.0,0.0,0.0,1.0,0.0,0.0,0.0,0
5324967,c8f64518-a772-40d8-9bcc-b4dbeec1d22a,0.0,0.0,0.0,0.0,0.0,0.0,0.0,0.0,0.0,0.0,4.0,0.0,0
5324989,c8f68e20-144d-4489-8f94-f6c1e6d8de0e,0.0,0.0,0.0,0.0,0.0,0.0,0.0,0.0,1.0,0.0,0.0,0.0,0
5324994,c8f69a84-cba7-415b-b96e-05fbd1795910,0.0,0.0,0.0,0.0,0.0,0.0,0.0,0.0,3.0,0.0,0.0,0.0,0
5324997,c8f69f76-a01f-4f62-a77f-9e797ca3f13e,0.0,0.0,0.0,0.0,0.0,0.0,0.0,0.0,2.0,0.0,0.0,0.0,0
5325001,c8f6b149-5d0f-4623-bc7b-396c2ba3ad07,0.0,0.0,0.0,0.0,0.0,0.0,0.0,0.0,1.0,0.0,0.0,0.0,0
5325007,c8f6c456-533b-4163-9184-204c3a80eb40,0.0,0.0,0.0,0.0,0.0,0.0,0.0,0.0,1.0,0.0,0.0,0.0,0
5325089,c8f79157-b746-4f02-bc42-6920f5bf5215,0.0,0.0,0.0,0.0,0.0,0.0,0.0,0.0,1.0,0.0,0.0,0.0,0
5325092,c8f79e0e-87c9-40c8-bb61-bf3d202918ff,0.0,0.0,0.0,0.0,0.0,0.0,0.0,0.0,1.0,0.0,0.0,0.0,0
5325099,c8f7aa93-0a00-46f5-8809-327d95a0fdf6,0.0,0.0,0.0,0.0,0.0,0.0,0.0,0.0,1.0,0.0,0.0,0.0,0
5325105,c8f7bda3-d020-430b-b788-c37497620521,0.0,0.0,0.0,0.0,0.0,0.0,0.0,0.0,3.0,0.0,0.0,0.0,0
5325120,c8f7d56d-4ae8-4e0e-8b10-9f58663fe68f,0.0,0.0,0.0,0.0,0.0,0.0,0.0,0.0,1.0,0.0,0.0,3.0,1
5325206,c8f8b8c0-b747-4233-aa1a-82b24b630e48,0.0,0.0,0.0,0.0,0.0,0.0,0.0,0.0,1.0,0.0,0.0,0.0,0
5325229,c8f8f173-43aa-4b0e-913c-ce192e637ee2,0.0,0.0,0.0,0.0,0.0,0.0,0.0,0.0,1.0,0.0,0.0,0.0,0
5325242,c8f9262a-4156-433b-8111-5cbbf8529271,0.0,0.0,0.0,0.0,0.0,0.0,0.0,0.0,1.0,0.0,0.0,0.0,0
5325262,c8f9510b-1b9c-401e-951e-bdf5650991f9,0.0,0.0,0.0,0.0,0.0,0.0,0.0,0.0,1.0,0.0,0.0,0.0,0
5325264,c8f95534-976e-47f2-a410-f1a2c0f74ca9,0.0,0.0,0.0,0.0,0.0,0.0,0.0,2.0,2.0,0.0,0.0,2.0,1
5325314,c8f9d94e-668d-4935-ad4b-e865f87c1e89,0.0,0.0,0.0,0.0,0.0,0.0,0.0,0.0,1.0,0.0,0.0,0.0,0
5325342,c8fa29bd-524d-46d0-9960-f400f9fe7df7,0.0,0.0,0.0,0.0,0.0,0.0,0.0,0.0,2.0,0.0,0.0,0.0,0
5325422,c8fb0ca6-7b72-49a2-a7c3-87433b803133,0.0,0.0,0.0,0.0,0.0,0.0,0.0,0.0,1.0,0.0,0.0,0.0,0
5325486,c8fbb8c7-ca97-44fc-8c7c-7df64c22965d,0.0,0.0,0.0,0.0,0.0,0.0,0.0,0.0,1.0,0.0,0.0,0.0,0
5325528,c8fc26e9-cdb5-4d97-9f8a-00a903174439,0.0,0.0,0.0,0.0,0.0,0.0,0.0,0.0,1.0,0.0,0.0,0.0,0
5325545,c8fc56a4-8cb1-47b9-8336-0bc1a0d36597,0.0,0.0,0.0,0.0,0.0,0.0,0.0,0.0,2.0,0.0,0.0,0.0,0
5325559,c8fc7d3a-1d5f-4ca3-80d4-01e2882ff034,0.0,0.0,0.0,0.0,0.0,0.0,0.0,0.0,1.0,0.0,0.0,0.0,0
5325588,c8fcb142-5c4c-4a34-b49e-c8a086b2c9d2,0.0,0.0,0.0,0.0,0.0,0.0,0.0,0.0,0.0,0.0,2.0,0.0,0
5325625,c8fcfb51-6856-4f65-8fc2-b955807791f1,0.0,0.0,0.0,0.0,0.0,0.0,0.0,0.0,2.0,0.0,0.0,0.0,0
5325646,c8fd3e25-95d7-4c12-9fe2-5af29aaf9b45,0.0,0.0,0.0,0.0,0.0,0.0,0.0,0.0,1.0,0.0,0.0,0.0,0
5325649,c8fd4020-dd79-433c-8af7-7932e56433c8,0.0,0.0,0.0,0.0,0.0,0.0,0.0,0.0,0.0,0.0,4.0,0.0,0
5325685,c8fda727-f63a-4f8c-ad79-31dea07bf56a,0.0,0.0,0.0,0.0,0.0,0.0,0.0,0.0,2.0,0.0,0.0,0.0,0
5325740,c8fe34be-32d1-4e75-ac5e-416ca317ef6d,0.0,0.0,0.0,0.0,0.0,0.0,0.0,0.0,1.0,0.0,0.0,0.0,0
5325896,c8ffc0ad-a3a8-4afa-9fb6-4becae8b6698,0.0,0.0,0.0,0.0,0.0,0.0,0.0,0.0,1.0,0.0,2.0,0.0,0
5325922,c9000004-397a-458c-83e1-82e449e49fed,0.0,0.0,0.0,0.0,0.0,0.0,0.0,0.0,1.0,0.0,0.0,0.0,0
5325923,c9000302-bc61-4526-a50b-2a725c81a9ff,0.0,0.0,0.0,0.0,0.0,0.0,0.0,0.0,2.0,0.0,0.0,0.0,0
5325964,c9007cd5-c800-4911-9b80-fb40561ced86,0.0,0.0,0.0,0.0,0.0,0.0,0.0,0.0,1.0,0.0,0.0,0.0,0
5325979,c900ae29-a66e-4ad8-9fd4-96ff40db4cbd,0.0,0.0,0.0,0.0,0.0,0.0,0.0,0.0,1.0,0.0,0.0,0.0,0
5326012,c900f457-ca6f-40ff-bd35-ccece2954329,0.0,0.0,0.0,0.0,0.0,0.0,0.0,0.0,2.0,0.0,0.0,0.0,0
5326064,c9016e5c-e50f-4b64-82a7-edad7d3feb9f,0.0,0.0,0.0,0.0,0.0,0.0,0.0,0.0,1.0,0.0,0.0,0.0,0
5326208,c902cbfe-834d-467c-b228-90d05e431d55,0.0,0.0,0.0,0.0,0.0,0.0,0.0,0.0,1.0,0.0,0.0,0.0,0
5326252,c9032911-294f-495d-85ea-5c37fa4e583d,0.0,0.0,0.0,0.0,0.0,0.0,0.0,0.0,3.0,0.0,0.0,0.0,0
5326300,c903a29a-59a7-46d1-a10f-bd5844cb4170,0.0,0.0,0.0,0.0,0.0,0.0,0.0,0.0,3.0,0.0,0.0,0.0,0
5326332,c90409d1-5779-4cf0-a6c5-25e1cbdc6d04,0.0,0.0,0.0,0.0,0.0,0.0,0.0,0.0,2.0,0.0,0.0,0.0,0
5326381,c9047c12-58b7-4720-9e96-8d3e941c4a86,0.0,0.0,0.0,0.0,0.0,0.0,0.0,0.0,1.0,0.0,0.0,0.0,0
5326387,c9048dbf-e32c-4f0c-be3e-2e464fe93a95,0.0,0.0,0.0,0.0,0.0,0.0,0.0,0.0,1.0,0.0,0.0,0.0,0
5326411,c904af45-cfa0-4331-8865-3eba4900df90,0.0,0.0,0.0,0.0,0.0,0.0,0.0,2.0,1.0,0.0,0.0,2.0,1
5326419,c904bc94-34c3-4a6a-ac27-7e0205c668fc,0.0,0.0,0.0,0.0,0.0,0.0,0.0,0.0,2.0,0.0,0.0,0.0,0
5326450,c904f524-b2ca-4912-a147-659cdc3a368b,0.0,0.0,0.0,0.0,0.0,0.0,0.0,0.0,1.0,0.0,0.0,1.0,1
5326492,c9055771-5518-4cb3-a640-c3fdd2893c14,0.0,0.0,0.0,0.0,0.0,0.0,0.0,0.0,6.0,0.0,0.0,0.0,0
5326510,c90579fc-a0b6-47dc-b716-9777f7bcc7c6,0.0,0.0,0.0,0.0,0.0,0.0,0.0,0.0,1.0,0.0,0.0,0.0,0
5326538,c905b6db-5967-4b27-aec6-13cfd23bdc85,0.0,0.0,0.0,0.0,0.0,0.0,0.0,0.0,2.0,0.0,0.0,0.0,0
5326623,c906729b-1f26-4156-bce7-0a9cef91796e,0.0,0.0,0.0,0.0,0.0,0.0,0.0,0.0,1.0,0.0,0.0,0.0,0
5326638,c9069d51-f7ca-43ab-a3ae-6973891b6cf4,0.0,0.0,0.0,0.0,0.0,0.0,0.0,0.0,2.0,0.0,0.0,0.0,0
5326667,c906d9bf-d6f8-4ee1-82ae-85e6419b5ec1,0.0,0.0,0.0,0.0,0.0,0.0,0.0,0.0,1.0,0.0,0.0,0.0,0
5326695,c9071dc9-4fd3-486d-a404-d97e4a5797ef,0.0,0.0,0.0,0.0,0.0,0.0,0.0,0.0,1.0,0.0,0.0,0.0,0
5326722,c9075ba6-e8c9-4ba4-9bbb-6dbc1539237d,0.0,0.0,0.0,0.0,0.0,0.0,0.0,0.0,2.0,0.0,0.0,0.0,0
5326740,c90782c0-23ab-4dc9-8ce2-acd3542f7410,0.0,0.0,0.0,0.0,0.0,0.0,0.0,0.0,1.0,0.0,0.0,0.0,0
5326755,c907a3f7-0212-4a42-8dfe-11bc9387e478,0.0,0.0,0.0,0.0,0.0,0.0,0.0,0.0,3.0,0.0,0.0,0.0,0
5326781,c907fdf9-8ab1-4502-85e9-17fb90e90651,0.0,0.0,0.0,0.0,0.0,0.0,0.0,0.0,3.0,0.0,0.0,0.0,0
5326782,c90803a5-79a2-46dd-9870-d8c9de5b1286,0.0,0.0,0.0,0.0,0.0,0.0,0.0,0.0,1.0,0.0,0.0,0.0,0
5326879,c908d122-e7cc-478c-a7eb-cc23bf683391,0.0,0.0,0.0,0.0,0.0,0.0,0.0,0.0,1.0,0.0,0.0,0.0,0
5327020,c90a4a27-fcd5-4ba8-b18d-10ca1ad1abe1,0.0,0.0,0.0,0.0,0.0,0.0,0.0,0.0,4.0,0.0,0.0,0.0,0
5327023,c90a51fd-2a04-4413-9524-ddfc9ce52977,0.0,0.0,0.0,0.0,0.0,0.0,0.0,0.0,4.0,0.0,0.0,0.0,0
5327103,c90aee9a-009c-4f61-8676-718d2e1af30a,0.0,0.0,0.0,0.0,0.0,0.0,0.0,0.0,0.0,0.0,6.0,0.0,0
5327107,c90b056e-3ab1-4a76-8710-7280e0f8bfa9,0.0,0.0,0.0,0.0,0.0,0.0,0.0,0.0,2.0,0.0,0.0,0.0,0
5327168,c90ba80b-7da4-4af9-9f8f-bd5b1af89c42,0.0,0.0,0.0,0.0,0.0,0.0,0.0,0.0,1.0,0.0,0.0,0.0,0
5327225,c90c35fc-b214-4a2d-b6db-6a0abd310284,0.0,0.0,0.0,0.0,0.0,0.0,0.0,0.0,1.0,0.0,0.0,0.0,0
5327287,c90cbc94-07e3-4feb-a54f-27ef0b24df23,0.0,0.0,0.0,0.0,0.0,0.0,0.0,0.0,13.0,0.0,0.0,0.0,0
5327488,c90edd3e-3d6a-4592-aaf4-ce75554d9bab,0.0,0.0,0.0,0.0,0.0,0.0,0.0,0.0,1.0,0.0,0.0,0.0,0
5327549,c90f7891-73d4-4bf9-a10b-7062f0a7d24a,0.0,0.0,0.0,0.0,0.0,0.0,0.0,0.0,2.0,0.0,0.0,0.0,0
5327567,c90f9d60-f05e-43be-a226-9f9cdad31360,0.0,0.0,0.0,0.0,0.0,0.0,0.0,0.0,2.0,0.0,0.0,0.0,0
5327591,c90fda47-9394-48ea-832b-26e651c0da19,0.0,0.0,0.0,0.0,0.0,0.0,0.0,0.0,1.0,0.0,4.0,0.0,0
5327594,c90fdf64-fbd1-4fe7-b501-49bc7d4378e6,0.0,0.0,0.0,0.0,0.0,0.0,0.0,0.0,2.0,0.0,0.0,0.0,0
5327677,c910aa07-bb6b-410d-9b25-d9a16feb34b0,0.0,0.0,0.0,0.0,0.0,0.0,0.0,0.0,0.0,0.0,2.0,0.0,0
5327687,c910bdcc-b999-4833-8a12-5da7d4890196,0.0,0.0,0.0,0.0,0.0,0.0,0.0,0.0,0.0,0.0,4.0,0.0,0
5327790,c911900b-14b5-4c84-987d-8e5f4d93e210,0.0,0.0,0.0,0.0,0.0,0.0,0.0,0.0,1.0,0.0,0.0,0.0,0
5327891,c9126dd7-7ac5-4526-b3fc-7be2413e69cb,0.0,0.0,0.0,0.0,0.0,0.0,0.0,0.0,7.0,0.0,0.0,0.0,0
5328059,c913e2a4-f9d5-4870-8754-fdabb95bf67c,0.0,0.0,0.0,0.0,0.0,0.0,0.0,0.0,0.0,0.0,6.0,0.0,0
5328156,c914ed7a-52dc-424f-915f-0bd8ead9fc1d,0.0,0.0,0.0,0.0,0.0,0.0,0.0,0.0,1.0,0.0,0.0,0.0,0
5328186,c915327e-a596-4535-9e92-bade964fa848,0.0,0.0,0.0,0.0,0.0,0.0,0.0,0.0,2.0,0.0,0.0,0.0,0
5328319,c916a235-1aff-4eeb-bdc8-09e8ef15988c,0.0,0.0,0.0,0.0,0.0,0.0,0.0,0.0,1.0,0.0,0.0,0.0,0
5328381,c91738e6-b836-491e-ba2a-e08365dd11f2,0.0,0.0,0.0,0.0,0.0,0.0,0.0,0.0,1.0,0.0,0.0,0.0,0
5328397,c9175973-4933-45e6-bce5-eaca598a5c61,0.0,0.0,0.0,0.0,0.0,0.0,0.0,0.0,1.0,0.0,0.0,0.0,0
5328407,c9176b44-c1a2-430f-bf4d-609b91461a84,0.0,0.0,0.0,0.0,0.0,0.0,0.0,0.0,2.0,0.0,0.0,0.0,0
5328416,c9177f8b-736d-4528-b72f-b98ddbcf14b5,0.0,0.0,0.0,0.0,0.0,0.0,0.0,0.0,1.0,0.0,0.0,0.0,0
5328438,c917c34c-2132-43f0-85e6-2b44f82671ed,0.0,0.0,0.0,0.0,0.0,0.0,0.0,0.0,2.0,0.0,0.0,0.0,0
5328472,c9181987-d255-4486-8fea-c9a918a9b36b,0.0,0.0,0.0,0.0,0.0,0.0,0.0,0.0,2.0,0.0,0.0,1.0,1
5328483,c918352f-707a-4827-b12c-65093b552a1e,0.0,0.0,0.0,0.0,0.0,0.0,0.0,0.0,1.0,0.0,0.0,0.0,0
5328507,c91872d5-3154-47d9-af35-2416fdd23c3b,0.0,0.0,0.0,0.0,0.0,0.0,0.0,0.0,1.0,0.0,0.0,0.0,0
5328600,c91970d0-620f-4fd1-8385-14bd45a8c0ea,0.0,0.0,0.0,0.0,0.0,0.0,0.0,0.0,1.0,0.0,0.0,0.0,0
5328701,c91a8353-6bef-4f5e-b9ee-e17b8619e563,0.0,0.0,0.0,0.0,0.0,0.0,0.0,0.0,2.0,0.0,0.0,0.0,0
5328748,c91af134-09c1-4f2c-bad8-af270694bfc3,0.0,0.0,0.0,0.0,0.0,0.0,0.0,0.0,8.0,0.0,0.0,0.0,0
5328755,c91b1793-e63e-475b-bb49-777e5037b5dc,0.0,0.0,0.0,0.0,0.0,0.0,0.0,0.0,1.0,0.0,0.0,0.0,0
5328793,c91b6a58-e442-4da7-9315-e30fc6edd428,0.0,0.0,0.0,0.0,0.0,0.0,0.0,0.0,1.0,0.0,0.0,0.0,0
5328856,c91bf465-ca18-4493-b0c3-714146a0b9d2,0.0,0.0,0.0,0.0,0.0,0.0,0.0,0.0,1.0,0.0,0.0,0.0,0
5328866,c91c17cd-295a-414a-8ee9-c9db63edca0f,0.0,0.0,0.0,0.0,0.0,0.0,0.0,0.0,1.0,0.0,0.0,0.0,0
5328877,c91c39b1-376f-4e0e-a75a-6ac9971ae1f9,0.0,0.0,0.0,0.0,0.0,0.0,0.0,0.0,1.0,0.0,0.0,0.0,0
5328879,c91c3ce7-f5de-47de-b9c5-64d78291cf13,0.0,0.0,0.0,0.0,0.0,0.0,0.0,0.0,1.0,0.0,0.0,0.0,0
5328988,c91d7041-89ed-477d-a41c-93552228f21c,0.0,0.0,0.0,0.0,0.0,0.0,0.0,0.0,2.0,0.0,0.0,0.0,0
5329086,c91e8eb4-fa48-497f-860c-6efd9b1f8545,0.0,0.0,0.0,0.0,0.0,0.0,0.0,0.0,1.0,0.0,0.0,0.0,0
5329120,c91ed670-c0ff-4f56-a5d5-a9e36ca4f03f,0.0,0.0,0.0,0.0,0.0,0.0,0.0,0.0,1.0,0.0,0.0,0.0,0
5329138,c91efbee-61a4-4330-a8c6-f4e64189383c,0.0,0.0,0.0,0.0,0.0,0.0,0.0,0.0,4.0,0.0,0.0,7.0,1
5329143,c91f0a72-1b6a-4934-8422-a238a185e657,0.0,0.0,0.0,0.0,0.0,0.0,0.0,0.0,1.0,0.0,0.0,0.0,0
5329151,c91f25b8-703d-4691-a404-5ce0af59360d,0.0,0.0,0.0,0.0,0.0,0.0,0.0,0.0,2.0,0.0,0.0,0.0,0
5329249,c91ffd05-1745-41cd-b529-271fd2fac26c,0.0,0.0,0.0,0.0,0.0,0.0,0.0,0.0,1.0,0.0,0.0,0.0,0
5329273,c9204455-deb3-4ce0-8faf-b77a28f1e88d,0.0,0.0,0.0,0.0,0.0,0.0,0.0,0.0,2.0,0.0,0.0,0.0,0
5329357,c9210520-305a-481b-bf2d-cb6767f2e2ee,0.0,0.0,0.0,0.0,0.0,0.0,0.0,0.0,1.0,0.0,0.0,0.0,0
5329386,c92144c9-f8da-44d9-8aa4-612fd4fc6311,0.0,0.0,0.0,0.0,0.0,0.0,0.0,0.0,1.0,0.0,0.0,0.0,0
5329397,c92158a1-29e0-4bf4-951b-66c21463817b,0.0,0.0,0.0,0.0,0.0,0.0,0.0,0.0,3.0,0.0,0.0,0.0,0
5329449,c921d24a-7cb3-45d6-b83e-6a75fbdefdcd,0.0,0.0,0.0,0.0,0.0,0.0,0.0,0.0,1.0,0.0,0.0,0.0,0
5329535,c922a836-0ebb-4f4f-9a9b-5d3aa7180781,0.0,0.0,0.0,0.0,0.0,0.0,0.0,0.0,1.0,0.0,0.0,0.0,0
5329554,c922cf89-4631-4372-83fc-3dd44ca0957e,0.0,0.0,0.0,0.0,0.0,0.0,0.0,0.0,2.0,0.0,0.0,0.0,0
5329565,c922e4ae-28fd-4189-b6f3-8b5587dfbb3f,0.0,0.0,0.0,0.0,0.0,0.0,0.0,0.0,2.0,0.0,0.0,0.0,0
5329574,c922f2ef-a1d8-4f0d-8ee7-358d94f496f5,0.0,0.0,0.0,0.0,0.0,0.0,0.0,0.0,3.0,0.0,0.0,0.0,0
5329715,c9245311-090e-4ab1-98e0-1f04fc4decac,0.0,0.0,0.0,0.0,0.0,0.0,0.0,0.0,1.0,0.0,0.0,0.0,0
5329775,c924dca8-5924-492e-a2f3-b2dfc9524451,0.0,0.0,0.0,0.0,0.0,0.0,0.0,0.0,3.0,0.0,0.0,0.0,0
5329843,c92595e2-b060-4ea7-86ff-be76086fcd29,0.0,0.0,0.0,0.0,0.0,0.0,0.0,0.0,1.0,0.0,0.0,0.0,0
5329861,c925b2f0-c008-4fad-bc71-19be2d3049f3,0.0,0.0,0.0,0.0,0.0,0.0,0.0,0.0,6.0,0.0,0.0,0.0,0
5329913,c9261c93-3ad3-4dd4-bd13-bbd8252054f6,0.0,0.0,0.0,0.0,0.0,0.0,0.0,0.0,2.0,0.0,0.0,0.0,0
5329915,c9262240-e9b9-47a2-985d-b75d0e7e6f30,0.0,0.0,0.0,0.0,0.0,0.0,0.0,0.0,1.0,0.0,0.0,0.0,0
5330002,c926f76f-72cb-4136-9739-3e09e91acf18,0.0,0.0,0.0,0.0,0.0,0.0,0.0,0.0,1.0,0.0,0.0,0.0,0
5330031,c9273c64-9897-4109-a025-edf1ff52874c,0.0,0.0,0.0,0.0,0.0,0.0,0.0,0.0,2.0,0.0,0.0,0.0,0
5330088,c927f192-fbbf-4702-8b88-2d374a57ab98,0.0,0.0,0.0,0.0,0.0,0.0,0.0,0.0,1.0,0.0,0.0,0.0,0
5330130,c92846c4-1f00-4216-8c7b-b77cb43abe10,0.0,0.0,0.0,0.0,0.0,0.0,0.0,0.0,2.0,0.0,0.0,0.0,0
5330139,c928648b-6e78-447c-8e32-729d7ac365a9,0.0,0.0,0.0,0.0,0.0,0.0,0.0,0.0,21.0,0.0,0.0,2.0,1
5330159,c9288be2-9f13-458f-9085-219667e98499,0.0,0.0,0.0,0.0,0.0,0.0,0.0,0.0,1.0,0.0,0.0,0.0,0
5330207,c92904b6-43e8-40d4-a5dd-2f7b508c4e0e,0.0,0.0,0.0,0.0,0.0,0.0,0.0,0.0,2.0,0.0,0.0,0.0,0
5330218,c9292a6f-f3f0-4602-ac0f-632193717004,0.0,0.0,0.0,0.0,0.0,0.0,0.0,0.0,1.0,0.0,0.0,0.0,0
5330244,c9296f58-0f6d-469c-a021-4d5101f4b4ab,0.0,0.0,0.0,0.0,0.0,0.0,0.0,0.0,3.0,0.0,0.0,0.0,0
5330288,c929e3c1-aef8-4d0b-b8f0-2074150b3c6c,0.0,0.0,0.0,0.0,0.0,0.0,0.0,0.0,1.0,0.0,0.0,0.0,0
5330371,c92aa664-e094-47d4-9396-948d96f549f0,0.0,0.0,0.0,0.0,0.0,0.0,0.0,0.0,4.0,0.0,0.0,0.0,0
5330410,c92b010e-1eb4-46f9-957d-544bdf47a099,0.0,0.0,0.0,0.0,0.0,0.0,0.0,0.0,1.0,0.0,0.0,0.0,0
5330421,c92b135c-9346-4be3-aa79-5a76ef138ccb,0.0,0.0,0.0,0.0,0.0,0.0,0.0,0.0,1.0,0.0,0.0,0.0,0
5330433,c92b2fd2-5dfe-4a5a-bfae-11864e902c85,0.0,0.0,0.0,0.0,0.0,0.0,0.0,0.0,3.0,0.0,0.0,0.0,0
5330459,c92b7355-85e7-496d-b313-e4b08610c878,0.0,0.0,0.0,0.0,0.0,0.0,0.0,0.0,17.0,0.0,0.0,0.0,0
5330555,c92c8edb-c7bb-4e63-829d-c0ba6da26a32,0.0,0.0,0.0,0.0,0.0,0.0,0.0,0.0,1.0,0.0,0.0,0.0,0
5330595,c92ce65b-69b2-4fd1-80c4-097aa6d56799,0.0,0.0,0.0,0.0,0.0,0.0,0.0,0.0,5.0,0.0,0.0,0.0,0
5330668,c92d9adc-3ffc-4b43-8f1b-4203e36072af,0.0,0.0,0.0,0.0,0.0,0.0,0.0,0.0,1.0,0.0,0.0,0.0,0
5330720,c92e23f0-4be0-4ccf-a52e-9bfd9e68af80,0.0,0.0,0.0,0.0,0.0,0.0,0.0,0.0,1.0,0.0,0.0,0.0,0
5330724,c92e2a24-f8fe-4697-8d84-cb7610ba65dd,0.0,0.0,0.0,0.0,0.0,0.0,0.0,0.0,4.0,0.0,0.0,0.0,0
5330821,c92f1318-7be4-4619-89d1-2b0eadf34687,0.0,0.0,0.0,0.0,0.0,0.0,0.0,0.0,2.0,0.0,0.0,0.0,0
5330861,c92f7198-48f8-45d9-89ee-a0bcfd5a27ac,0.0,0.0,0.0,0.0,0.0,0.0,0.0,0.0,1.0,0.0,0.0,0.0,0
5330871,c92f82c3-0ef1-4954-928e-20aab96c1783,0.0,0.0,0.0,0.0,0.0,0.0,0.0,0.0,1.0,0.0,0.0,0.0,0
5330872,c92f864b-1abc-4a0b-907b-c1ba508c482e,0.0,0.0,0.0,0.0,0.0,0.0,0.0,0.0,3.0,0.0,0.0,0.0,0
5330879,c92fa27d-da9a-4d7e-8620-02f981d9bd3b,0.0,0.0,0.0,0.0,0.0,0.0,0.0,0.0,1.0,0.0,0.0,0.0,0
5330895,c92fc71b-296d-44c5-965c-c419dd535eb6,0.0,0.0,0.0,0.0,0.0,0.0,0.0,0.0,2.0,0.0,0.0,0.0,0
5330924,c930062c-2408-46e9-99b1-0378f4390985,0.0,0.0,0.0,0.0,0.0,0.0,0.0,0.0,1.0,0.0,0.0,0.0,0
5330976,c9309333-e176-4b4f-90c5-6c17b66ba325,0.0,0.0,0.0,0.0,0.0,0.0,0.0,0.0,4.0,0.0,0.0,0.0,0
5331012,c930dfe9-ca0c-4b14-9aef-e5fc750cb569,0.0,0.0,0.0,0.0,0.0,0.0,0.0,0.0,2.0,0.0,0.0,0.0,0
5331044,c9312e7e-8387-4532-83d6-5cab6b350c6e,0.0,0.0,0.0,0.0,0.0,0.0,0.0,0.0,2.0,0.0,0.0,0.0,0
5331056,c9314ef0-c764-42f8-82c4-d0c0fb2d86f9,0.0,0.0,0.0,0.0,0.0,0.0,0.0,0.0,1.0,0.0,0.0,0.0,0
5331115,c9320bd6-6d22-4f69-8f4a-e7826b1bf9bf,0.0,0.0,0.0,0.0,0.0,0.0,0.0,0.0,1.0,0.0,0.0,0.0,0
5331173,c932b55c-a63d-4979-b1de-a631e097bf31,0.0,0.0,0.0,0.0,0.0,0.0,0.0,0.0,2.0,0.0,0.0,0.0,0
5331274,c933801e-c841-4c11-b752-b60f5e36c03b,0.0,0.0,0.0,0.0,0.0,0.0,0.0,0.0,1.0,0.0,0.0,0.0,0
5331309,c933d7f4-ea12-4625-869c-b3c20581b7b6,0.0,0.0,0.0,0.0,0.0,0.0,0.0,0.0,1.0,0.0,0.0,0.0,0
5331382,c9347521-c00f-405c-9b7e-c82dba2ed825,0.0,0.0,0.0,0.0,0.0,0.0,0.0,0.0,9.0,0.0,0.0,0.0,0
5331400,c9349c7f-9f2d-4b10-83ad-e63d51212e87,0.0,0.0,0.0,0.0,0.0,0.0,0.0,0.0,3.0,0.0,0.0,0.0,0
5331418,c934c7f5-57dc-4aa5-a00f-6d42e7db0eea,0.0,0.0,0.0,0.0,0.0,0.0,0.0,0.0,1.0,0.0,0.0,0.0,0
5331447,c9351c0c-07c4-4dd9-98d1-fcc37fa04741,0.0,0.0,0.0,0.0,0.0,0.0,0.0,0.0,2.0,0.0,0.0,0.0,0
5331498,c935ad8c-647b-4676-8ca8-a96f27b7d9ee,0.0,0.0,0.0,0.0,0.0,0.0,0.0,0.0,2.0,0.0,0.0,0.0,0
5331501,c935b7cf-b2e6-45ab-94aa-6eda787f5d35,0.0,0.0,0.0,0.0,0.0,0.0,0.0,0.0,1.0,0.0,0.0,0.0,0
5331536,c9361ce7-1295-417a-8238-de85820f4323,0.0,0.0,0.0,0.0,0.0,0.0,0.0,0.0,2.0,0.0,0.0,0.0,0
5331546,c936437e-6c52-4d3e-b835-8db49ec85222,0.0,0.0,0.0,0.0,0.0,0.0,0.0,0.0,1.0,0.0,0.0,0.0,0
5331580,c936a2b8-69a6-4006-adb4-930d86d5af66,0.0,0.0,0.0,0.0,0.0,0.0,0.0,0.0,1.0,0.0,0.0,0.0,0
5331683,c9379dbf-d62b-45c5-89da-23d5a9b7bd30,0.0,0.0,0.0,0.0,0.0,0.0,0.0,0.0,2.0,0.0,0.0,0.0,0
5331691,c937b762-c426-47c4-a0d4-8061c5c74bb2,0.0,0.0,0.0,0.0,0.0,0.0,0.0,0.0,1.0,0.0,0.0,0.0,0
5331698,c937c62d-b499-4367-b7a1-1133a49a29d9,0.0,0.0,0.0,0.0,0.0,0.0,0.0,0.0,2.0,0.0,0.0,0.0,0
5331769,c93855d3-e7d8-411b-9d7c-c86196b4cd2d,0.0,0.0,0.0,0.0,0.0,0.0,0.0,0.0,1.0,0.0,0.0,0.0,0
5331827,c93902a1-ca19-465b-b3f1-2f540b6e2b9c,0.0,0.0,0.0,0.0,0.0,0.0,0.0,0.0,2.0,0.0,0.0,2.0,1
5331877,c9399360-4372-4882-9da1-c4fd4746b62f,0.0,0.0,0.0,0.0,0.0,0.0,0.0,0.0,1.0,0.0,0.0,0.0,0
5331915,c93a09df-bb38-4ea1-8daf-c707dfa3f03b,0.0,0.0,0.0,0.0,0.0,0.0,0.0,0.0,1.0,0.0,0.0,0.0,0
5332017,c93b03e8-5c96-407b-8b1c-acc9899a0d81,0.0,0.0,0.0,0.0,0.0,0.0,0.0,0.0,5.0,0.0,0.0,0.0,0
5332051,c93b5760-7586-446a-a447-610b6ef75437,0.0,0.0,0.0,0.0,0.0,0.0,0.0,0.0,1.0,0.0,0.0,0.0,0
5332052,c93b5b90-9b75-4781-9f96-b07af121c707,0.0,0.0,0.0,0.0,0.0,0.0,0.0,0.0,1.0,0.0,0.0,0.0,0
5332089,c93ba7e2-5a31-4807-a124-d524a91d9480,0.0,0.0,0.0,0.0,0.0,0.0,0.0,0.0,2.0,0.0,0.0,0.0,0
5332174,c93c707a-7842-4709-96f9-f4e3791d8ed1,0.0,0.0,0.0,0.0,0.0,0.0,0.0,0.0,1.0,0.0,0.0,0.0,0
5332216,c93cc053-558e-4092-965e-3e74a029a8fd,0.0,0.0,0.0,0.0,0.0,0.0,0.0,0.0,2.0,0.0,0.0,0.0,0
5332223,c93ccdf0-e2f2-4421-9f6d-0cb6bcafc8f1,0.0,0.0,0.0,0.0,0.0,0.0,0.0,0.0,9.0,0.0,0.0,1.0,1
5332363,c93e6874-7f0e-4d27-ba61-9aa309275446,0.0,0.0,0.0,0.0,0.0,0.0,0.0,0.0,1.0,0.0,0.0,0.0,0
5332365,c93e70e3-8578-426b-aee2-5d766beb6de0,0.0,0.0,0.0,0.0,0.0,0.0,0.0,0.0,0.0,0.0,2.0,0.0,0
5332370,c93e85a0-ab0c-4650-b1fd-0433d6f7995b,0.0,0.0,0.0,0.0,0.0,0.0,0.0,0.0,2.0,0.0,0.0,0.0,0
5332425,c93f0ac2-f5f6-4840-b405-14f9609baf1e,0.0,0.0,0.0,0.0,0.0,0.0,0.0,0.0,13.0,0.0,0.0,0.0,0
5332432,c93f1c15-0bde-4ab4-b4c9-dfd799c636dd,0.0,0.0,0.0,0.0,0.0,0.0,0.0,0.0,1.0,0.0,0.0,0.0,0
5332441,c93f2f95-efff-476e-8b0a-50346a3c6ad2,0.0,0.0,0.0,0.0,0.0,0.0,0.0,0.0,2.0,0.0,0.0,0.0,0
5332547,c9402936-2d13-411c-b7a7-f5b2a58e60e6,0.0,0.0,0.0,0.0,0.0,0.0,0.0,0.0,1.0,0.0,0.0,0.0,0
5332556,c9403fb7-9940-4981-9beb-c6587f919ea9,0.0,0.0,0.0,0.0,0.0,0.0,0.0,0.0,2.0,0.0,0.0,0.0,0
5332559,c9404897-739d-4724-ba33-fc35eb1e1974,0.0,0.0,0.0,0.0,0.0,0.0,0.0,0.0,1.0,0.0,0.0,0.0,0
5332580,c94079a6-1cc9-4fe0-92a1-ec19bdb5fe11,0.0,0.0,0.0,0.0,0.0,0.0,0.0,0.0,1.0,0.0,0.0,0.0,0
5332615,c940df9e-40a8-4832-86d0-c4d5a589bc79,0.0,0.0,0.0,0.0,0.0,0.0,0.0,0.0,6.0,0.0,0.0,0.0,0
5332619,c940e413-0436-4b65-9d53-15f70dedd0fe,0.0,0.0,0.0,0.0,0.0,0.0,0.0,0.0,1.0,0.0,0.0,0.0,0
5332620,c940e909-8edc-43c4-8dad-752046053052,0.0,0.0,0.0,0.0,0.0,0.0,0.0,0.0,1.0,0.0,0.0,0.0,0
5332653,c9413222-87a8-4423-b4c8-c38a1f5065da,0.0,0.0,0.0,0.0,0.0,0.0,0.0,0.0,1.0,0.0,0.0,0.0,0
5332891,c9438e33-5c68-4c29-8a35-70fa5768f51e,0.0,0.0,0.0,0.0,0.0,0.0,0.0,0.0,1.0,0.0,0.0,0.0,0
5333085,c94556f9-f7c1-40dc-a476-cef7996d74a8,0.0,0.0,0.0,0.0,0.0,0.0,0.0,0.0,1.0,0.0,0.0,0.0,0
5333140,c945d6de-259e-4352-97dd-068708f6b16a,0.0,0.0,0.0,0.0,0.0,0.0,0.0,0.0,1.0,0.0,0.0,0.0,0
5333272,c9471991-70b2-4419-b832-708cc6397abf,0.0,0.0,0.0,0.0,0.0,0.0,0.0,0.0,1.0,0.0,0.0,0.0,0
5333277,c9472239-e534-478e-97e5-c56ef91b93e4,0.0,0.0,0.0,0.0,0.0,0.0,0.0,0.0,1.0,0.0,0.0,0.0,0
5333297,c9474371-122e-413a-9ef1-d4fe6a030bd4,0.0,0.0,0.0,0.0,0.0,0.0,0.0,0.0,1.0,0.0,0.0,0.0,0
5333303,c94750b9-af67-467b-86e5-c918066440ae,0.0,0.0,0.0,0.0,0.0,0.0,0.0,0.0,1.0,0.0,0.0,0.0,0
5333311,c9476b20-be43-4fb8-bfd8-b988323a3868,0.0,0.0,0.0,0.0,0.0,0.0,0.0,0.0,8.0,0.0,0.0,3.0,1
5333313,c9476cbe-94de-475e-a318-e86c28c5b9f8,0.0,0.0,0.0,0.0,0.0,0.0,0.0,0.0,1.0,0.0,0.0,0.0,0
5333328,c9479deb-19ef-41d1-8172-5fa0761c4ba6,0.0,0.0,0.0,0.0,0.0,0.0,0.0,0.0,2.0,0.0,0.0,1.0,1
5333333,c947a6c4-4400-4039-a0f2-69752dbcc8f4,0.0,0.0,0.0,0.0,0.0,0.0,0.0,0.0,2.0,0.0,0.0,0.0,0
5333370,c94808a1-e050-47a5-a976-1383449e8fe1,0.0,0.0,0.0,0.0,0.0,0.0,0.0,0.0,1.0,0.0,0.0,0.0,0
5333530,c9498750-0ea0-49db-b6f9-f09b57b45928,0.0,0.0,0.0,0.0,0.0,0.0,0.0,0.0,1.0,0.0,0.0,0.0,0
5333537,c94993b3-aadc-4d50-bd59-4fccfff51edf,0.0,0.0,0.0,0.0,0.0,0.0,0.0,0.0,0.0,0.0,4.0,0.0,0
5333639,c94a956a-e558-410c-abcc-935a8576f696,0.0,0.0,0.0,0.0,0.0,0.0,0.0,0.0,1.0,0.0,0.0,0.0,0
5333775,c94bd863-54f9-4308-89af-2f38610e53e6,0.0,0.0,0.0,0.0,0.0,0.0,0.0,0.0,1.0,0.0,0.0,3.0,1
5333790,c94bfca7-8ea5-434e-9c1e-9c36d08f1c34,0.0,0.0,0.0,0.0,0.0,0.0,0.0,0.0,1.0,0.0,0.0,0.0,0
5333924,c94d4dc4-f608-4c01-b0fe-982b5da6a391,0.0,0.0,0.0,0.0,0.0,0.0,0.0,0.0,2.0,0.0,0.0,0.0,0
5333929,c94d52fd-04b6-46d5-a240-295b22a9b0c1,0.0,0.0,0.0,0.0,0.0,0.0,0.0,0.0,1.0,0.0,0.0,0.0,0
5334072,c94efc3a-d3c3-4e99-9ffb-ef99e516bebe,0.0,0.0,0.0,0.0,0.0,0.0,0.0,0.0,2.0,0.0,0.0,0.0,0
5334239,c950902c-06ae-4b63-83d9-14c9fad2a33f,0.0,0.0,0.0,0.0,0.0,0.0,0.0,0.0,4.0,0.0,0.0,0.0,0
5334286,c9511782-9623-46cf-b2f2-9322014d53fd,0.0,0.0,0.0,0.0,0.0,0.0,0.0,0.0,2.0,0.0,0.0,0.0,0
5334364,c951e596-dd09-49c1-be50-a7ac55de8a23,0.0,0.0,0.0,0.0,0.0,0.0,0.0,0.0,1.0,0.0,0.0,0.0,0
5334367,c951ed02-6e58-4f62-b5d9-5735051628ac,0.0,0.0,0.0,0.0,0.0,0.0,0.0,0.0,0.0,0.0,2.0,0.0,0
5334379,c9520289-8bac-4b6e-a375-ee21bfe33f97,0.0,0.0,0.0,0.0,0.0,0.0,0.0,0.0,1.0,0.0,0.0,0.0,0
5334388,c9521c0e-cd1b-4823-8faa-94983f83bc87,0.0,0.0,0.0,0.0,0.0,0.0,0.0,0.0,1.0,0.0,0.0,0.0,0
5334406,c9524bf3-5ccd-4e5c-97f8-91b3770acf2c,0.0,0.0,0.0,0.0,0.0,0.0,0.0,0.0,2.0,0.0,0.0,0.0,0
5334500,c9532c54-ab4d-4845-aed2-05ebcbf25a66,0.0,0.0,0.0,0.0,0.0,0.0,0.0,0.0,1.0,0.0,0.0,0.0,0
5334530,c9536eb1-9008-473d-b3c5-8a3c91d2f6b1,0.0,0.0,0.0,0.0,0.0,0.0,0.0,0.0,1.0,0.0,0.0,0.0,0
5334552,c9539d90-6413-4b6d-a61b-456b9a8f1a48,0.0,0.0,0.0,0.0,0.0,0.0,0.0,0.0,2.0,0.0,0.0,0.0,0
5334606,c9540ed1-9b96-4297-8ef4-b79d6ce1524f,0.0,0.0,0.0,0.0,0.0,0.0,0.0,0.0,1.0,0.0,0.0,0.0,0
5334631,c954505c-71f4-4df0-924f-f8a63d9c7bcd,0.0,0.0,0.0,0.0,0.0,0.0,0.0,0.0,2.0,0.0,0.0,0.0,0
5334637,c9545d87-fc5f-409d-89cf-f0024f78dc37,0.0,0.0,0.0,0.0,0.0,0.0,48.0,0.0,0.0,0.0,0.0,8.0,1
5334673,c954a37c-2d4b-4f04-b458-feb009e6964c,0.0,0.0,0.0,0.0,0.0,0.0,0.0,0.0,1.0,0.0,0.0,0.0,0
5334694,c954d5db-d635-4a43-b1f4-1e6077d93bb2,0.0,0.0,0.0,0.0,0.0,0.0,0.0,0.0,1.0,0.0,0.0,0.0,0
5334939,c9575e87-f2c6-4a58-aca2-5cb0030cab89,0.0,0.0,0.0,0.0,0.0,0.0,0.0,0.0,1.0,0.0,0.0,0.0,0
5334941,c95760bf-4a11-46d1-9c80-8ec3fe330813,0.0,0.0,0.0,0.0,0.0,0.0,0.0,0.0,1.0,0.0,0.0,0.0,0
5334973,c957cc28-f8e4-4aa4-878a-3ca2e32301b4,0.0,0.0,0.0,0.0,0.0,0.0,0.0,0.0,5.0,0.0,0.0,0.0,0
5335008,c9583245-27ac-4269-90c0-2a96ed230eee,0.0,0.0,0.0,0.0,0.0,0.0,0.0,0.0,1.0,0.0,0.0,0.0,0
5335036,c9586c82-ae5b-4286-bd95-9e362153e49a,0.0,0.0,0.0,0.0,0.0,0.0,0.0,0.0,10.0,0.0,0.0,3.0,1
5335085,c958e36c-532c-4d5a-bf6e-8c517fa0b6f0,0.0,0.0,0.0,0.0,0.0,0.0,0.0,0.0,1.0,0.0,0.0,0.0,0
5335202,c959ed86-3c20-4bf3-8bf5-dde24fafaa57,0.0,0.0,0.0,0.0,0.0,0.0,0.0,0.0,1.0,0.0,0.0,0.0,0
5335334,c95b3ac0-2746-4445-8de6-1b2d22fe24f5,0.0,0.0,0.0,0.0,0.0,0.0,0.0,0.0,2.0,0.0,0.0,0.0,0
5335351,c95b82d0-26c8-43b7-a57d-89b8f9490a36,0.0,0.0,0.0,0.0,0.0,0.0,0.0,0.0,2.0,0.0,0.0,0.0,0
5335362,c95b912f-fa25-4ca0-8e27-0578df0783d4,0.0,0.0,0.0,0.0,0.0,0.0,0.0,0.0,1.0,0.0,0.0,0.0,0
5335411,c95c15ea-3fb9-48d6-98b1-e40a87085a2a,0.0,0.0,0.0,0.0,0.0,0.0,0.0,0.0,1.0,0.0,0.0,0.0,0
5335441,c95c63cd-6e8c-4ec4-a0fb-ab44024bbaca,0.0,0.0,0.0,0.0,0.0,0.0,0.0,0.0,1.0,0.0,0.0,0.0,0
5335462,c95c86d1-6f95-4e56-a9d9-6ed244f65794,0.0,0.0,0.0,0.0,0.0,0.0,0.0,0.0,2.0,0.0,0.0,0.0,0
5335463,c95c8720-4f2a-4965-ae90-35ca57df1b2a,0.0,0.0,0.0,0.0,0.0,0.0,0.0,0.0,2.0,0.0,0.0,0.0,0
5335492,c95cd753-db99-4183-a855-f60fd7075ed1,0.0,0.0,0.0,0.0,0.0,0.0,0.0,0.0,1.0,0.0,0.0,0.0,0
5335494,c95cdb74-b86f-4bb6-a6eb-ebf78e0b0261,0.0,0.0,0.0,0.0,0.0,0.0,0.0,0.0,2.0,0.0,0.0,0.0,0
5335545,c95d6eac-2ded-4bdf-a629-ce0ccd5e30ad,0.0,0.0,0.0,0.0,0.0,0.0,0.0,0.0,1.0,0.0,0.0,0.0,0
5335594,c95de4bb-68d7-4780-b607-b78712deede7,0.0,0.0,0.0,0.0,0.0,0.0,0.0,0.0,2.0,0.0,0.0,0.0,0
5335613,c95e0715-cedf-4f61-bb15-fa85bfe99583,0.0,0.0,0.0,0.0,0.0,0.0,0.0,0.0,4.0,0.0,0.0,0.0,0
5335623,c95e149e-e276-4012-9654-690c64536e6a,0.0,0.0,0.0,0.0,0.0,0.0,0.0,0.0,2.0,0.0,0.0,0.0,0
5335633,c95e3355-e588-4297-9a5a-27e7d0c6e761,0.0,0.0,0.0,0.0,0.0,0.0,0.0,0.0,1.0,0.0,0.0,0.0,0
5335808,c95fe818-d0ce-471b-9b36-1313dfb4ca67,0.0,0.0,0.0,0.0,0.0,0.0,0.0,0.0,1.0,0.0,0.0,0.0,0
5335809,c95fe850-59d8-4970-872f-9eb0cfafafdd,0.0,0.0,0.0,0.0,0.0,0.0,0.0,0.0,1.0,0.0,0.0,0.0,0
5335840,c9604882-1582-476d-8fdc-7ef616d942ea,0.0,0.0,0.0,0.0,0.0,0.0,0.0,0.0,1.0,0.0,0.0,0.0,0
5335943,c9618069-ded7-4e74-a811-21245b853fd3,0.0,0.0,0.0,0.0,0.0,0.0,0.0,2.0,0.0,0.0,0.0,0.0,0
5335975,c961d834-b77e-49af-9186-d0cdded35798,0.0,0.0,0.0,0.0,0.0,0.0,0.0,0.0,1.0,0.0,0.0,0.0,0
5336139,c9636c0e-028e-4be7-bce0-42fcadcb1a78,0.0,0.0,0.0,0.0,0.0,0.0,0.0,0.0,1.0,0.0,0.0,0.0,0
5336181,c963c838-2293-4553-bbdf-cb7c5b0fe581,0.0,0.0,0.0,0.0,0.0,0.0,0.0,0.0,1.0,0.0,0.0,1.0,1
5336217,c9644657-48a2-4847-8bf0-94f136618ba3,0.0,0.0,0.0,0.0,0.0,0.0,0.0,0.0,1.0,0.0,0.0,0.0,0
5336229,c96464d9-c607-4c74-b24c-0d10f0e86d7f,0.0,0.0,0.0,0.0,0.0,0.0,0.0,0.0,1.0,0.0,0.0,0.0,0
5336251,c96496df-9f7a-4cb8-a4d6-8161db73e3c1,0.0,0.0,0.0,0.0,0.0,0.0,0.0,0.0,5.0,0.0,0.0,0.0,0
5336275,c964c778-01a4-4ff7-9c3b-743db5520c93,0.0,0.0,0.0,0.0,0.0,0.0,0.0,0.0,1.0,0.0,0.0,0.0,0
5336293,c965063e-723f-45aa-a6e5-c5031c0b0084,0.0,0.0,0.0,0.0,0.0,0.0,0.0,0.0,1.0,0.0,0.0,0.0,0
5336333,c9656180-40fb-4f55-8bac-b350a1790a02,0.0,0.0,0.0,0.0,0.0,0.0,0.0,0.0,1.0,0.0,0.0,0.0,0
5336395,c965d904-9e18-4497-b53e-1a6323763c3a,0.0,0.0,0.0,0.0,0.0,0.0,0.0,0.0,1.0,0.0,0.0,0.0,0
5336511,c96713fa-f546-4e8d-993b-d516c5ed5e62,0.0,0.0,0.0,0.0,0.0,0.0,0.0,0.0,3.0,0.0,0.0,0.0,0
5336514,c967191c-ff16-4597-add7-38dbb0c186f2,0.0,0.0,0.0,0.0,0.0,0.0,0.0,0.0,1.0,0.0,0.0,0.0,0
5336558,c96792bf-5941-461f-b207-eda89030fa41,0.0,0.0,0.0,0.0,0.0,0.0,0.0,0.0,1.0,0.0,0.0,0.0,0
5336586,c967d7a3-e8bf-43a2-a1eb-d7dd43884f6a,0.0,0.0,0.0,0.0,0.0,0.0,0.0,0.0,1.0,0.0,0.0,0.0,0
5336594,c967eb8a-cfc2-4da4-8350-7c98fdad7b1e,0.0,0.0,0.0,0.0,0.0,0.0,0.0,0.0,1.0,0.0,0.0,0.0,0
5336663,c9687baa-9a3c-4b89-aa52-d53effeefec3,0.0,0.0,0.0,0.0,0.0,0.0,0.0,0.0,6.0,0.0,0.0,0.0,0
5336764,c9698943-f92d-4e70-a7a4-e5c9ad4f1779,0.0,0.0,0.0,0.0,0.0,0.0,0.0,0.0,1.0,0.0,0.0,0.0,0
5336816,c96a08dc-90e7-46f6-b3af-ded0baea92e3,0.0,0.0,0.0,0.0,0.0,0.0,0.0,0.0,1.0,0.0,0.0,0.0,0
5336970,c96bb1f0-d0e9-4520-a4d1-84fe7cd466b8,0.0,0.0,0.0,0.0,0.0,0.0,0.0,0.0,1.0,0.0,0.0,0.0,0
5337019,c96c2d82-c7cc-45eb-a5ab-555eb9d387b0,0.0,0.0,0.0,0.0,0.0,0.0,0.0,0.0,1.0,0.0,0.0,0.0,0
5337029,c96c3e36-4808-49f9-a907-9152189a00f5,0.0,0.0,0.0,0.0,0.0,0.0,0.0,0.0,1.0,0.0,4.0,0.0,0
5337117,c96d3c15-4187-43b9-924b-58f92665ca5d,0.0,0.0,0.0,0.0,0.0,0.0,0.0,0.0,7.0,0.0,0.0,0.0,0
5337162,c96d9604-b120-4ded-b0b0-e1bc7e71cf65,0.0,0.0,0.0,0.0,0.0,0.0,0.0,0.0,2.0,0.0,0.0,0.0,0
5337209,c96e01f8-cead-4ccc-827d-94748402b322,0.0,0.0,0.0,0.0,0.0,0.0,0.0,0.0,1.0,0.0,0.0,2.0,1
5337333,c96f2f79-67f1-497f-b791-9b582be90025,0.0,0.0,0.0,0.0,0.0,0.0,0.0,0.0,1.0,0.0,0.0,0.0,0
5337340,c96f40b2-2471-400e-9126-5bcd89f8f42b,0.0,0.0,0.0,0.0,0.0,0.0,0.0,0.0,1.0,0.0,0.0,0.0,0
5337448,c9706a19-6275-441c-a401-3560d23368f8,0.0,0.0,0.0,0.0,0.0,0.0,0.0,0.0,1.0,0.0,0.0,0.0,0
5337470,c970b018-de7b-4bbf-a558-76eef8ed82cd,0.0,0.0,0.0,0.0,0.0,0.0,0.0,0.0,1.0,0.0,0.0,0.0,0
5337506,c97100b7-04bc-45a1-b50a-1aff18ae76dc,0.0,0.0,0.0,0.0,0.0,0.0,0.0,0.0,1.0,0.0,0.0,0.0,0
5337508,c971029d-9992-42c3-a4c7-e5eeda48103e,0.0,0.0,0.0,0.0,0.0,0.0,0.0,0.0,7.0,0.0,0.0,0.0,0
5337577,c971b0c8-ceb9-4207-82df-7f272686b9b3,0.0,0.0,0.0,0.0,0.0,0.0,0.0,0.0,0.0,0.0,2.0,0.0,0
5337584,c971be50-5e88-4b44-80a8-5418489fc748,0.0,0.0,0.0,0.0,0.0,0.0,0.0,0.0,2.0,0.0,0.0,0.0,0
5337677,c972b35e-f5ab-4e06-82e1-3299d6a39205,0.0,0.0,0.0,0.0,0.0,0.0,0.0,0.0,4.0,0.0,0.0,0.0,0
5337687,c972c4b6-46a6-4ca8-883c-9fced49891e9,0.0,0.0,0.0,0.0,0.0,0.0,0.0,0.0,1.0,0.0,0.0,2.0,1
5337730,c9732f72-e8b6-4fe8-b19c-9d27812e9230,0.0,0.0,0.0,0.0,0.0,0.0,0.0,0.0,6.0,0.0,0.0,0.0,0
5337733,c9733170-f72d-4801-9a75-234c37edf77a,0.0,0.0,0.0,0.0,0.0,0.0,0.0,0.0,3.0,0.0,0.0,0.0,0
5337884,c974b03d-2593-40cd-b834-856fe9e15181,0.0,0.0,0.0,0.0,0.0,0.0,0.0,0.0,5.0,0.0,0.0,1.0,1
5337904,c974e463-aa2b-4f55-b046-92b24be93a33,0.0,0.0,0.0,0.0,0.0,0.0,0.0,0.0,1.0,0.0,0.0,0.0,0
5337924,c9751229-a771-44a5-bc29-d9b3399b4238,0.0,0.0,0.0,0.0,0.0,0.0,0.0,0.0,2.0,0.0,0.0,0.0,0
5337954,c97567ec-17a7-4b7c-a351-cd020eb4a039,0.0,0.0,0.0,0.0,0.0,0.0,0.0,0.0,9.0,0.0,0.0,0.0,0
5337959,c9756b8c-e140-45b4-9ede-c386b51b4ca1,0.0,0.0,0.0,0.0,0.0,0.0,0.0,0.0,2.0,0.0,0.0,0.0,0
5337984,c975a801-e90b-45f9-9817-176b09a595a9,0.0,0.0,0.0,0.0,0.0,0.0,0.0,0.0,1.0,0.0,0.0,0.0,0
5337999,c975ce8f-d4da-48e7-9484-c88e1d20293e,0.0,0.0,0.0,0.0,0.0,0.0,0.0,0.0,2.0,0.0,0.0,0.0,0
5338025,c9760125-5915-48ab-8dc4-fc831616e8a9,0.0,0.0,0.0,0.0,0.0,0.0,0.0,2.0,1.0,0.0,0.0,0.0,0
5338088,c976a683-81ae-40e7-b6ca-0535f1884e2a,0.0,0.0,0.0,0.0,0.0,0.0,0.0,0.0,0.0,0.0,6.0,0.0,0
5338190,c9779da5-321f-486b-9511-a29c34d64cd5,0.0,0.0,0.0,0.0,0.0,0.0,0.0,0.0,1.0,0.0,0.0,0.0,0
5338241,c9781202-4c32-42f4-a776-9926528934f6,0.0,0.0,0.0,0.0,0.0,0.0,0.0,0.0,1.0,0.0,0.0,0.0,0
5338253,c9783a45-5bae-4a2c-b0fc-724b02cbc543,0.0,0.0,0.0,0.0,0.0,0.0,0.0,0.0,0.0,0.0,2.0,0.0,0
5338376,c9796924-f004-4f8c-925b-05cf2872cd4b,0.0,0.0,0.0,0.0,0.0,0.0,0.0,0.0,3.0,0.0,0.0,1.0,1
5338406,c979dbb9-a51b-4e3e-ad6b-088e96572922,0.0,0.0,0.0,0.0,0.0,0.0,0.0,0.0,1.0,0.0,0.0,0.0,0
5338417,c979efce-a76c-4999-958f-41cbc1d5f746,0.0,0.0,0.0,0.0,0.0,0.0,0.0,0.0,1.0,0.0,0.0,0.0,0
5338456,c97a4632-6ae8-4afd-be70-d221085af0b9,0.0,0.0,0.0,0.0,0.0,0.0,0.0,0.0,1.0,0.0,0.0,0.0,0
5338467,c97a5a34-36ca-4251-bf88-148f0a83fab0,0.0,0.0,0.0,0.0,0.0,0.0,0.0,0.0,1.0,0.0,0.0,0.0,0
5338473,c97a84ad-98c5-4c24-8cc3-7915db394f8e,0.0,0.0,0.0,0.0,0.0,0.0,0.0,0.0,1.0,0.0,0.0,4.0,1
5338507,c97addd0-ee1b-49e7-8048-327efdf3c3f6,0.0,0.0,0.0,0.0,0.0,0.0,0.0,0.0,2.0,0.0,0.0,0.0,0
5338516,c97af16a-3c44-4cea-b407-cfc5277cf17c,0.0,0.0,0.0,0.0,0.0,0.0,0.0,0.0,2.0,0.0,0.0,0.0,0
5338525,c97b0582-6f81-4618-9aca-7ce2a7187161,0.0,0.0,0.0,0.0,0.0,0.0,0.0,0.0,1.0,0.0,0.0,0.0,0
5338534,c97b19f8-dcae-4bf0-a9e4-8085ce874e8c,0.0,0.0,0.0,0.0,0.0,0.0,0.0,0.0,3.0,0.0,0.0,5.0,1
5338593,c97bb267-29dd-4d82-b933-1f0274ae81ff,0.0,0.0,0.0,0.0,0.0,0.0,0.0,0.0,1.0,0.0,0.0,0.0,0
5338638,c97c318d-a666-4fe6-a61f-65bd61625b67,0.0,0.0,0.0,0.0,0.0,0.0,0.0,0.0,1.0,0.0,0.0,0.0,0
5338655,c97c56f6-45b2-447f-90a1-c67d65c13e53,0.0,0.0,0.0,0.0,0.0,0.0,0.0,0.0,0.0,0.0,4.0,0.0,0
5338715,c97cddb7-b06f-418d-8632-996ec0128993,0.0,0.0,0.0,0.0,0.0,0.0,0.0,0.0,1.0,0.0,0.0,0.0,0
5338736,c97d12d0-00e9-4b67-ac08-354bc9953c9c,0.0,0.0,0.0,0.0,0.0,0.0,0.0,0.0,1.0,0.0,0.0,0.0,0
5338745,c97d1ebb-fc14-4a25-8476-b3f99ccb2227,0.0,0.0,0.0,0.0,0.0,0.0,0.0,0.0,2.0,0.0,0.0,0.0,0
5338756,c97d382d-80f5-43a0-a663-2eacdb90604a,0.0,0.0,0.0,0.0,0.0,0.0,0.0,0.0,1.0,0.0,0.0,0.0,0
5338796,c97da61f-3482-43ec-a0e3-51c4a2c7cb20,0.0,0.0,0.0,0.0,0.0,0.0,0.0,0.0,2.0,0.0,0.0,0.0,0
5338825,c97ddadb-7aca-4855-aa55-92a100787f90,0.0,0.0,0.0,0.0,0.0,0.0,0.0,0.0,0.0,0.0,4.0,0.0,0
5338975,c97f922f-52a6-481d-9da8-3f54bf9652af,0.0,0.0,0.0,0.0,0.0,0.0,0.0,0.0,1.0,0.0,0.0,0.0,0
5339038,c9804164-efb8-4cc3-8122-4ded73ea8b3f,0.0,0.0,0.0,0.0,0.0,0.0,0.0,0.0,4.0,0.0,0.0,0.0,0
5339058,c9806815-d8ad-4c79-8313-92dd588b4eeb,0.0,0.0,0.0,0.0,0.0,0.0,0.0,0.0,2.0,0.0,0.0,0.0,0
5339134,c9811f47-90a1-4ad1-8cc6-ba0a52c5fe25,0.0,0.0,0.0,0.0,0.0,0.0,0.0,0.0,1.0,0.0,0.0,0.0,0
5339229,c9821d40-b952-4d49-8588-d3c9aeb439d1,0.0,0.0,0.0,0.0,0.0,0.0,0.0,0.0,1.0,0.0,0.0,0.0,0
5339389,c983e00a-06b1-4666-b7ae-9d73d30b4fa1,0.0,0.0,0.0,0.0,0.0,0.0,0.0,0.0,2.0,0.0,0.0,0.0,0
5339409,c9841725-7f84-4be5-a838-3e608e3f8c85,0.0,0.0,0.0,0.0,0.0,0.0,0.0,0.0,2.0,0.0,0.0,0.0,0
5339472,c984afda-2cc9-42af-8208-d91a0b12a0b8,0.0,0.0,0.0,0.0,0.0,0.0,0.0,0.0,1.0,0.0,0.0,0.0,0
5339484,c984c4f2-2b3c-458c-9a1d-6b6d92b8b157,0.0,0.0,0.0,0.0,0.0,0.0,0.0,0.0,1.0,0.0,0.0,0.0,0
5339494,c984dc73-4829-4ed9-a10c-b7cffb3e82f5,0.0,0.0,0.0,0.0,0.0,0.0,0.0,0.0,0.0,0.0,4.0,0.0,0
5339521,c9850fe2-911a-417f-9f1e-847e16e011b1,0.0,0.0,0.0,0.0,0.0,0.0,0.0,0.0,1.0,0.0,0.0,0.0,0
5339582,c985a895-2168-4470-8b53-44314f133eef,0.0,0.0,0.0,0.0,0.0,0.0,0.0,0.0,3.0,0.0,0.0,0.0,0
5339801,c987b68f-833b-41f9-89e9-ab4e559059cb,0.0,0.0,0.0,0.0,0.0,0.0,0.0,0.0,2.0,0.0,0.0,0.0,0
5339806,c987be48-decf-4ded-8c0d-1e20d3fa569f,0.0,0.0,0.0,0.0,0.0,0.0,0.0,0.0,1.0,0.0,0.0,0.0,0
5339902,c988c246-4feb-4aec-a69c-a626be2cdc6d,0.0,0.0,0.0,0.0,0.0,0.0,0.0,0.0,0.0,0.0,2.0,0.0,0
5340001,c989a6e6-bcea-407a-87a7-8425d6b7392a,0.0,0.0,0.0,0.0,0.0,0.0,0.0,0.0,2.0,0.0,0.0,0.0,0
5340007,c989affb-90b3-4eb5-8d12-a51441d990f8,0.0,0.0,0.0,0.0,0.0,0.0,0.0,0.0,1.0,0.0,0.0,0.0,0
5340060,c98a1f5e-b21d-47ea-9e1b-81cd648d1b53,0.0,0.0,0.0,0.0,0.0,0.0,0.0,0.0,1.0,0.0,0.0,0.0,0
5340099,c98a7c93-4239-457d-8b3c-70310cce5bce,0.0,0.0,0.0,0.0,0.0,0.0,0.0,0.0,4.0,0.0,0.0,0.0,0
5340315,c98c9f49-12d7-43b7-adfb-e37380f1e406,0.0,0.0,0.0,0.0,0.0,0.0,0.0,0.0,1.0,0.0,0.0,0.0,0
5340368,c98d2e97-8ccf-4718-b454-54f771e8c4d6,0.0,0.0,0.0,0.0,0.0,0.0,0.0,0.0,1.0,0.0,0.0,0.0,0
5340394,c98d8101-ce42-4070-a73c-93f2a2807a6d,0.0,0.0,0.0,0.0,0.0,0.0,0.0,0.0,1.0,0.0,0.0,0.0,0
5340395,c98d89d5-8df3-410c-8400-3999ff8c2f18,0.0,0.0,0.0,0.0,0.0,0.0,0.0,0.0,1.0,0.0,0.0,0.0,0
5340437,c98de2cf-b718-459f-bc8c-5a38df3d405d,0.0,0.0,0.0,0.0,0.0,0.0,0.0,0.0,4.0,0.0,0.0,0.0,0
5340571,c98f34a3-7d44-45fa-87a7-74019074a445,0.0,0.0,0.0,0.0,0.0,0.0,0.0,0.0,1.0,0.0,0.0,0.0,0
5340618,c98fa254-d1fc-466c-92e2-65dcc4c1d968,0.0,0.0,0.0,0.0,0.0,0.0,0.0,0.0,1.0,0.0,0.0,0.0,0
5340693,c9903fc8-9862-40dc-a7e9-9fbbc4136ba8,0.0,0.0,0.0,0.0,0.0,0.0,0.0,0.0,1.0,0.0,0.0,0.0,0
5340716,c9907452-7e82-4739-88e9-7e4dca2a145d,0.0,0.0,0.0,0.0,0.0,0.0,0.0,0.0,3.0,0.0,0.0,0.0,0
5340740,c990ad57-1973-4ab6-813a-9d8a20b314a9,0.0,0.0,0.0,0.0,0.0,0.0,0.0,0.0,1.0,0.0,0.0,0.0,0
5340782,c9912771-bc82-44c2-b325-5f64e89d7a70,0.0,0.0,0.0,0.0,0.0,0.0,0.0,0.0,1.0,0.0,0.0,0.0,0
5340834,c991aabb-719c-4330-844a-79c3ab504c7c,0.0,0.0,0.0,0.0,0.0,0.0,0.0,0.0,1.0,0.0,0.0,0.0,0
5340886,c992510f-49ef-428b-8341-5d8c2a61875a,0.0,0.0,0.0,0.0,0.0,0.0,0.0,0.0,1.0,0.0,0.0,0.0,0
5340897,c9926de6-e20e-4559-b33c-5929427b3f8f,0.0,0.0,0.0,0.0,0.0,0.0,0.0,0.0,1.0,0.0,0.0,0.0,0
5340987,c9932ea4-d7b9-44ac-8fd3-6bc088f4e708,0.0,0.0,0.0,0.0,0.0,0.0,0.0,0.0,1.0,0.0,0.0,0.0,0
5341080,c99431f1-1e25-4ba9-8bef-116d64554442,0.0,0.0,0.0,0.0,0.0,0.0,0.0,0.0,1.0,0.0,0.0,0.0,0
5341321,c9966d30-9bf2-487b-813c-a4898d8895fe,0.0,0.0,0.0,0.0,0.0,0.0,0.0,0.0,1.0,0.0,0.0,0.0,0
5341352,c996a69b-90e9-4747-bf79-635cb27a55a6,0.0,0.0,0.0,0.0,0.0,0.0,0.0,0.0,1.0,0.0,0.0,0.0,0
5341425,c9973482-e0f6-49fc-9ae9-91a0934c76b9,0.0,0.0,0.0,0.0,0.0,0.0,0.0,0.0,1.0,0.0,0.0,0.0,0
5341495,c9980a38-da8e-4c53-80a8-b3e53f139966,0.0,0.0,0.0,0.0,0.0,0.0,0.0,0.0,1.0,0.0,0.0,0.0,0
5341546,c99890fa-dca9-4a87-ac01-4fd23b488d12,0.0,0.0,0.0,0.0,0.0,0.0,0.0,0.0,1.0,0.0,0.0,0.0,0
5341562,c998ac29-86aa-46eb-b081-3ebd39c44128,0.0,0.0,0.0,0.0,0.0,0.0,0.0,0.0,1.0,0.0,0.0,0.0,0
5341789,c99b4479-0200-4164-ae92-2bcada50b805,0.0,0.0,0.0,0.0,0.0,0.0,0.0,0.0,5.0,0.0,0.0,0.0,0
5341837,c99bb3d8-741e-4049-8fa9-f8439b784f3a,0.0,0.0,0.0,0.0,0.0,0.0,0.0,0.0,3.0,0.0,0.0,0.0,0
5341879,c99c1b3c-e69b-4f5f-8456-3e6629a9f505,0.0,0.0,0.0,0.0,0.0,0.0,0.0,0.0,2.0,0.0,0.0,0.0,0
5341884,c99c2ed4-ca06-4f32-8ee3-304e4d117f40,0.0,0.0,0.0,0.0,0.0,0.0,0.0,0.0,1.0,0.0,0.0,0.0,0
5341924,c99c862d-4a33-4317-84ab-4687c5559085,0.0,0.0,0.0,0.0,0.0,0.0,0.0,0.0,1.0,0.0,0.0,0.0,0
5341955,c99cf71b-2a6f-4309-8d10-41b12832ef3a,0.0,0.0,0.0,0.0,0.0,0.0,0.0,0.0,1.0,0.0,0.0,0.0,0
5342035,c99d9b0c-2f21-4981-8506-8d7c4aaadb88,0.0,0.0,0.0,0.0,0.0,0.0,0.0,0.0,1.0,0.0,0.0,0.0,0
5342068,c99dfcb8-7d5e-46c5-90b6-1a83f6c9cf70,0.0,0.0,0.0,0.0,0.0,0.0,0.0,0.0,1.0,0.0,0.0,0.0,0
5342143,c99e9b96-110a-4e5b-afeb-6981ba3ee3cf,0.0,0.0,0.0,0.0,0.0,0.0,0.0,0.0,2.0,0.0,0.0,0.0,0
5342184,c99f120d-9d06-4344-9d88-c3ef9edc50a5,0.0,0.0,0.0,0.0,0.0,0.0,0.0,0.0,1.0,0.0,0.0,0.0,0
5342236,c99f9d8a-8fc3-4a0c-9303-cf1c5a3d615c,0.0,0.0,0.0,0.0,0.0,0.0,0.0,0.0,3.0,0.0,0.0,0.0,0
5342258,c99fce63-3786-4c5a-a2eb-5dc5ad5bc3a7,0.0,0.0,0.0,0.0,0.0,0.0,0.0,0.0,1.0,0.0,0.0,0.0,0
5342289,c9a0153e-b2ca-4a02-a3e7-e720c83c3132,0.0,0.0,0.0,0.0,0.0,0.0,0.0,0.0,2.0,0.0,0.0,0.0,0
5342367,c9a102d6-d990-4e91-b60a-6801627404c6,0.0,0.0,0.0,0.0,0.0,0.0,0.0,0.0,3.0,0.0,0.0,0.0,0
5342434,c9a1b42e-4b74-4fa8-8a18-7d05766261df,0.0,0.0,0.0,0.0,0.0,0.0,0.0,0.0,7.0,0.0,0.0,0.0,0
5342476,c9a22100-e3fd-4368-a50e-0266e9d9f409,0.0,1.0,10.0,16.0,0.0,0.0,6.0,0.0,5.0,0.0,0.0,1.0,1
5342483,c9a22bd0-a795-4c8d-9273-2046cf7d9240,0.0,0.0,0.0,0.0,0.0,0.0,0.0,0.0,2.0,0.0,0.0,0.0,0
5342510,c9a27f25-ad12-4fda-9d2a-7010c64cbfc2,0.0,0.0,0.0,0.0,0.0,0.0,0.0,0.0,1.0,0.0,0.0,0.0,0
5342517,c9a2a069-771a-4025-9aeb-3fa7a98d7ead,0.0,0.0,0.0,0.0,0.0,0.0,0.0,0.0,3.0,0.0,0.0,0.0,0
5342529,c9a2c3a7-ec00-4445-9648-d9627168325d,0.0,0.0,0.0,0.0,0.0,0.0,0.0,0.0,1.0,0.0,0.0,0.0,0
5342666,c9a3eafd-77de-494f-8fa8-a187245db5f3,0.0,0.0,0.0,0.0,0.0,0.0,0.0,0.0,12.0,0.0,0.0,0.0,0
5342680,c9a40cee-1084-40d2-ae77-0e5f327c41c3,0.0,0.0,0.0,0.0,0.0,0.0,0.0,0.0,1.0,0.0,0.0,0.0,0
5342703,c9a43168-d9ab-44a7-8606-1faf5fffb0da,0.0,0.0,0.0,0.0,0.0,0.0,0.0,0.0,2.0,0.0,0.0,0.0,0
5342744,c9a491ff-82f4-4fbd-919c-c0a330a28131,0.0,0.0,0.0,0.0,0.0,0.0,0.0,0.0,2.0,0.0,0.0,0.0,0
5342756,c9a4b849-8ad0-457b-90d4-daa2f5299cf3,0.0,0.0,0.0,0.0,0.0,0.0,0.0,0.0,7.0,0.0,0.0,0.0,0
5342793,c9a529b5-2b77-41b0-9b28-9f22a01f6fbd,0.0,0.0,0.0,0.0,0.0,0.0,0.0,0.0,1.0,0.0,0.0,0.0,0
5342849,c9a5b623-1de4-4134-bfd0-47e9565e4b7e,0.0,0.0,0.0,0.0,0.0,0.0,0.0,0.0,1.0,0.0,0.0,0.0,0
5342894,c9a60b1e-8ac1-48cd-885f-26307a2307c4,0.0,0.0,0.0,0.0,0.0,0.0,0.0,0.0,1.0,0.0,0.0,0.0,0
5342921,c9a653ec-350c-4400-86c9-43a4b3f7e1d2,0.0,0.0,0.0,0.0,0.0,0.0,0.0,0.0,1.0,0.0,0.0,0.0,0
5343024,c9a72f82-621e-439f-8c7b-a660d89b0305,0.0,0.0,0.0,0.0,0.0,0.0,0.0,0.0,5.0,0.0,0.0,0.0,0
5343039,c9a75998-c27a-4841-a28c-505412ee1d26,0.0,0.0,0.0,0.0,0.0,0.0,0.0,0.0,1.0,0.0,0.0,0.0,0
5343065,c9a78ad0-7d5b-419c-9330-866462331ad8,0.0,0.0,0.0,0.0,0.0,0.0,0.0,0.0,1.0,0.0,0.0,0.0,0
5343109,c9a7f5d7-5d94-4991-9b14-dc48078fa5cf,0.0,0.0,0.0,0.0,0.0,0.0,0.0,0.0,1.0,0.0,0.0,0.0,0
5343258,c9a994db-a5d3-4894-9bdd-324d616567f3,0.0,0.0,0.0,0.0,0.0,0.0,0.0,0.0,3.0,0.0,0.0,0.0,0
5343288,c9a9f4f4-be29-4ef4-99af-9152a1c13a54,0.0,0.0,0.0,0.0,0.0,0.0,0.0,0.0,3.0,0.0,0.0,0.0,0
5343372,c9aaedc1-d95d-4266-9f01-71d811a19bf4,0.0,0.0,0.0,0.0,0.0,0.0,0.0,0.0,1.0,0.0,0.0,0.0,0
5343489,c9ac1dbb-1cc5-4d9d-8820-8ecabadbe8df,0.0,0.0,0.0,0.0,0.0,0.0,0.0,0.0,1.0,0.0,0.0,0.0,0
5343580,c9acf97a-c971-4d8f-9d99-8fe65f086ecb,0.0,0.0,0.0,0.0,0.0,0.0,0.0,0.0,1.0,0.0,0.0,1.0,1
5343606,c9ad2876-72ef-4052-b414-48b44c3ee278,0.0,0.0,0.0,0.0,0.0,0.0,0.0,0.0,1.0,0.0,0.0,0.0,0
5343682,c9ae0659-0f28-4ee8-8ddc-776ae015f1e6,0.0,0.0,0.0,0.0,0.0,0.0,0.0,0.0,1.0,0.0,0.0,0.0,0
5343736,c9ae8ba6-a025-4e8d-a042-51cc333c4314,0.0,0.0,0.0,0.0,0.0,0.0,0.0,0.0,1.0,0.0,0.0,0.0,0
5343811,c9af5817-6c87-4204-8258-e0ad926fe684,0.0,0.0,0.0,0.0,0.0,0.0,0.0,0.0,3.0,0.0,0.0,1.0,1
5343840,c9af890a-0902-49a2-8baa-30e2e07a1dbd,0.0,0.0,0.0,0.0,0.0,0.0,0.0,0.0,1.0,0.0,0.0,0.0,0
5343880,c9afe647-29cd-4055-9ee6-939991cf9268,0.0,0.0,0.0,0.0,0.0,0.0,0.0,0.0,2.0,0.0,0.0,1.0,1
5343915,c9b0376a-5ec6-4a0f-a242-a0df7dc60bb3,0.0,0.0,0.0,0.0,0.0,0.0,0.0,0.0,1.0,0.0,0.0,0.0,0
5344058,c9b1a6e5-712d-4f47-8edc-cf0cc1d1812a,0.0,0.0,0.0,0.0,0.0,0.0,0.0,0.0,1.0,0.0,0.0,0.0,0
5344129,c9b232f7-576a-498d-9058-fc3c29a5c457,0.0,0.0,0.0,0.0,0.0,0.0,0.0,0.0,1.0,0.0,0.0,0.0,0
5344234,c9b33174-1a7a-4ca4-8682-149876f48ad5,0.0,0.0,0.0,0.0,0.0,0.0,0.0,0.0,3.0,0.0,0.0,0.0,0
5344317,c9b3e3dc-a21a-48a7-9cba-f6e955e2bb26,0.0,0.0,0.0,0.0,0.0,0.0,0.0,0.0,1.0,0.0,0.0,0.0,0
5344347,c9b4331f-5d18-456c-be84-454e4e9319c3,0.0,0.0,0.0,0.0,0.0,0.0,0.0,0.0,6.0,0.0,0.0,0.0,0
5344351,c9b43654-96f5-4d69-80b1-b0a277964252,0.0,0.0,0.0,0.0,0.0,0.0,0.0,0.0,1.0,0.0,0.0,0.0,0
5344375,c9b45fa8-c6a3-4656-93f3-265d88a3e7b0,0.0,0.0,0.0,0.0,0.0,0.0,0.0,0.0,16.0,0.0,0.0,0.0,0
5344417,c9b4c0c7-897d-4a95-ade5-727277240fa9,0.0,0.0,0.0,0.0,0.0,0.0,0.0,0.0,1.0,0.0,0.0,0.0,0
5344448,c9b51313-97ff-4a71-9c78-54ca1e8a9089,0.0,0.0,0.0,0.0,0.0,0.0,0.0,0.0,1.0,0.0,0.0,0.0,0
5344482,c9b56f73-935d-4139-891a-bbc3bdb9579d,0.0,0.0,0.0,0.0,0.0,0.0,0.0,0.0,2.0,0.0,0.0,0.0,0
5344483,c9b57675-15e8-4e0b-a332-76d254d0ec35,0.0,0.0,0.0,0.0,0.0,0.0,0.0,0.0,8.0,0.0,0.0,0.0,0
5344490,c9b57ff4-d5d6-4b13-9f51-c1f14b4b4611,0.0,0.0,0.0,0.0,0.0,0.0,0.0,0.0,1.0,0.0,0.0,0.0,0
5344544,c9b602cc-d916-4d65-9ccd-e62e4d3a3a43,0.0,0.0,0.0,0.0,0.0,0.0,0.0,0.0,1.0,0.0,0.0,0.0,0
5344839,c9b9058f-6a60-48aa-af5b-7307299457c4,0.0,0.0,0.0,0.0,0.0,0.0,0.0,0.0,3.0,0.0,0.0,0.0,0
5344931,c9b9f3c8-9ae6-4ceb-8466-8d644894ceaf,0.0,0.0,0.0,0.0,0.0,0.0,0.0,0.0,2.0,0.0,0.0,0.0,0
5344956,c9ba2d9a-cbfa-4d48-9994-195f3650755c,0.0,0.0,0.0,0.0,0.0,0.0,0.0,0.0,1.0,0.0,0.0,0.0,0
5345011,c9bacca3-2aa6-4af6-9b3c-7e8cbac980d2,0.0,0.0,0.0,0.0,0.0,0.0,0.0,0.0,0.0,0.0,4.0,0.0,0
5345012,c9bad049-4671-4d47-bb55-fe904cfa55c7,0.0,0.0,0.0,0.0,0.0,0.0,0.0,0.0,2.0,0.0,0.0,0.0,0
5345041,c9bb09d3-87ef-4843-b014-38446c38a498,0.0,0.0,0.0,0.0,0.0,0.0,0.0,0.0,3.0,0.0,0.0,0.0,0
5345235,c9bd1009-475b-4c2a-bad9-4c6723df9553,0.0,0.0,0.0,0.0,0.0,0.0,0.0,0.0,1.0,0.0,0.0,0.0,0
5345300,c9bd98be-9c25-46ec-bf86-c73988b7fb2a,0.0,0.0,0.0,0.0,0.0,0.0,0.0,0.0,2.0,0.0,0.0,0.0,0
5345424,c9beb198-547d-4843-9eae-750f5b601983,0.0,0.0,0.0,0.0,0.0,0.0,0.0,0.0,1.0,0.0,0.0,0.0,0
5345431,c9bec9bd-71ab-43e6-b1fa-6c489a353fad,0.0,0.0,0.0,0.0,0.0,0.0,0.0,0.0,2.0,0.0,0.0,0.0,0
5345474,c9bf243a-dfdc-4b93-9043-164b73f56774,0.0,0.0,0.0,0.0,0.0,0.0,0.0,0.0,2.0,0.0,0.0,0.0,0
5345600,c9c0297c-a05f-4043-bef8-ac6dae94894f,0.0,0.0,0.0,0.0,0.0,0.0,0.0,2.0,0.0,0.0,0.0,0.0,0
5345619,c9c056d0-0d26-4cfd-ba99-114838fd2041,0.0,0.0,0.0,0.0,0.0,0.0,0.0,0.0,1.0,0.0,0.0,0.0,0
5345630,c9c072bd-0b48-48f1-a39a-32ad2898383b,0.0,0.0,0.0,0.0,0.0,0.0,0.0,0.0,1.0,0.0,0.0,0.0,0
5345648,c9c09875-0de6-4afa-b699-b2b5e8006cf5,0.0,0.0,0.0,0.0,0.0,0.0,0.0,0.0,0.0,0.0,2.0,0.0,0
5345679,c9c0db80-1e2b-41ab-abcf-22a073dc6fb6,0.0,0.0,0.0,0.0,0.0,0.0,0.0,0.0,1.0,0.0,0.0,0.0,0
5345735,c9c16b7b-5f11-49d4-b97e-782bd5b98ee1,0.0,0.0,0.0,0.0,0.0,0.0,0.0,0.0,4.0,0.0,0.0,0.0,0
5345782,c9c1d5b5-45a2-4f1c-8247-3f88b942fa6b,0.0,0.0,0.0,0.0,0.0,0.0,0.0,0.0,2.0,0.0,0.0,0.0,0
5345810,c9c20a51-9e41-476e-9bf4-748001f7c62d,0.0,0.0,0.0,0.0,0.0,0.0,0.0,0.0,2.0,0.0,0.0,0.0,0
5345871,c9c2bbc0-d07a-44f0-94aa-2df78b624db3,0.0,0.0,0.0,0.0,0.0,0.0,0.0,0.0,4.0,0.0,0.0,0.0,0
5345873,c9c2c943-e969-4b37-97c7-c3dfb43bc339,0.0,0.0,0.0,0.0,0.0,0.0,0.0,0.0,1.0,0.0,0.0,0.0,0
5345909,c9c3296e-e253-47d1-88b2-85aae8cb221f,0.0,0.0,0.0,0.0,0.0,0.0,0.0,0.0,3.0,0.0,0.0,0.0,0
5346010,c9c4394c-c221-45a1-95d7-0ff0874e990b,0.0,0.0,0.0,0.0,0.0,0.0,0.0,0.0,1.0,0.0,0.0,0.0,0
5346045,c9c4a5ca-9f30-4825-b92f-3f1f526d0eb6,0.0,0.0,0.0,0.0,0.0,0.0,0.0,0.0,2.0,0.0,0.0,0.0,0
5346165,c9c6041c-c161-448f-a441-ac64588022f8,0.0,0.0,0.0,0.0,0.0,0.0,0.0,0.0,1.0,0.0,0.0,0.0,0
5346197,c9c64a28-9942-43bd-8156-316c14cb4e8f,0.0,0.0,0.0,0.0,0.0,0.0,0.0,0.0,1.0,0.0,0.0,0.0,0
5346234,c9c6be6e-5ea1-4ee0-8a23-6a2969d0e565,0.0,0.0,0.0,0.0,0.0,0.0,0.0,0.0,4.0,0.0,0.0,1.0,1
5346257,c9c6f05d-a4b1-4ced-9449-965260f255d4,0.0,0.0,0.0,0.0,0.0,0.0,0.0,0.0,1.0,0.0,0.0,0.0,0
5346280,c9c71e2c-e68a-49c8-85cd-91b3b615094a,0.0,0.0,0.0,0.0,0.0,0.0,0.0,0.0,1.0,0.0,0.0,0.0,0
5346303,c9c76405-5711-4389-8cc2-43c607471dc8,0.0,0.0,0.0,0.0,0.0,0.0,0.0,0.0,1.0,0.0,0.0,0.0,0
